Date,Close,High,Low,Open,Volume,MA10,MA50,Returns,Volatility,Stock
2025-06-04,202.20468139648438,205.6143037964219,201.48686455307688,202.29440469878628,43604000,200.18482513427733,203.69753326416014,-0.002213824650510565,0.015546101401998956,AAPL
2025-06-05,200.0213165283203,204.12881205428334,199.54276184010462,202.8826044104843,55126100,200.03926696777344,203.24237915039063,-0.010797795842732771,0.014105189866224268,AAPL
2025-06-06,203.30133056640625,205.07592905349443,201.4370087789868,202.3841235560851,46607700,200.29448852539062,202.89703216552735,0.01639832241390904,0.01502528100274675,AAPL
2025-06-09,200.8388214111328,205.3750202901374,199.41316716451473,203.76990423179717,72862600,200.91061401367188,202.45623626708985,-0.012112607174841306,0.011457174238646863,AAPL
2025-06-10,202.0551300048828,203.73004106569937,199.96151019448254,199.99141796230995,54672600,201.15586700439454,202.1582504272461,0.006056142857262303,0.008585500569461085,AAPL
2025-06-11,198.1769256591797,203.8795731269679,197.80805305990708,202.88260699920767,60989900,200.99236297607422,201.69846771240233,-0.019193793028711492,0.010752444717497457,AAPL
2025-06-12,198.5956573486328,199.07419684911244,196.7612432530472,198.47602627663701,43904600,200.91759185791017,201.22595184326173,0.0021129184846335747,0.010772241466054643,AAPL
2025-06-13,195.85400390625,199.76210952406473,195.1062792678608,199.12405177447246,51447300,200.4789260864258,200.68466339111328,-0.013805203391582088,0.0113985457030145,AAPL
2025-06-16,197.81802368164062,198.08720880439395,195.96366601516638,196.701426450214,43020700,200.15192108154298,200.59485870361328,0.010027978679112204,0.011895854659367155,AAPL
2025-06-17,195.0464630126953,197.7881200100286,194.61777485692886,196.60172782081946,38856200,199.3912353515625,200.74453735351562,-0.014010657964138473,0.01198696104114817,AAPL
2025-06-18,195.9835968017578,196.97059871241268,194.4781834746436,195.34553910938874,45394700,198.76912689208984,201.05075805664063,0.004804669485349855,0.012288819644365859,AAPL
2025-06-20,200.3902130126953,201.0880863339216,196.26277341287403,197.63859168364695,96813500,198.80601654052734,201.62512634277343,0.022484617502937843,0.014300293471453937,AAPL
2025-06-23,200.888671875,201.686247808318,198.3563846401482,201.01828233775666,55814300,198.56475067138672,201.68315795898437,0.002487441151994396,0.01319133602023224,AAPL
2025-06-24,199.6923065185547,202.82277936444737,199.59260382672892,201.9753521214132,54064000,198.4500991821289,201.88513061523437,-0.0059553649555199595,0.012757528778643026,AAPL
2025-06-25,200.948486328125,203.052085424857,200.01133575244882,200.83881944772682,39525700,198.3394348144531,201.9582977294922,0.00629057689537782,0.012771121433888893,AAPL
2025-06-26,200.3902130126953,202.02523702778157,198.85489170599743,200.81890119127095,50799100,198.56076354980468,201.93327880859374,-0.002778191195320079,0.011034796199499586,AAPL
2025-06-27,200.469970703125,202.6034778198992,199.39324535272064,201.27751091280393,73188600,198.7481948852539,201.917421875,0.00039801190502575245,0.011031768208691008,AAPL
2025-06-30,204.5475311279297,206.76079706763053,198.65545787730727,201.39711462840114,91912800,199.61754760742187,202.13983337402342,0.02034000608920694,0.011224648977556867,AAPL
2025-07-01,207.18951416015625,209.55231908550664,205.51460310500556,206.04299395149746,78788900,200.55469665527343,202.36111938476563,0.012916230362977066,0.011420746601151591,AAPL
2025-07-02,211.7954864501953,212.69274987948137,207.5085290616707,208.2761972389462,67941800,202.22959899902344,202.75059356689454,0.02223072103194701,0.010540709605083387,AAPL
2025-07-03,212.90211486816406,213.99876845669687,211.16738836812712,211.50635319299207,34955800,203.92145080566405,203.03117126464844,0.005224985841371987,0.010525953927316445,AAPL
2025-07-07,209.31304931640625,215.57399579559095,208.16654427869605,212.03476276559877,50229000,204.81373443603516,203.14318969726563,-0.016857820101882415,0.011921592872862699,AAPL
2025-07-08,209.3728485107422,210.78853856973336,207.81758380403343,209.46258702266434,42848900,205.6621520996094,203.1813314819336,0.00028569262418765007,0.011981628855260659,AAPL
2025-07-09,210.4994354248047,210.6888614301138,206.59132988433592,208.8943192909964,48749400,206.74286499023438,203.22388366699218,0.005380768910944633,0.011436937293561378,AAPL
2025-07-10,211.7655792236328,212.83232507172787,209.39279496736208,209.87133445003573,44443600,207.82457427978517,203.27463348388673,0.006014951043801897,0.011434732107517753,AAPL
2025-07-11,210.51937866210938,211.48643705736623,209.2233196075129,209.931172276849,39765800,208.83749084472657,203.27915161132813,-0.00588481171535149,0.011717755488034326,AAPL
2025-07-14,207.987060546875,210.27012140888866,206.9103353456299,209.29308368901172,38840100,209.58919982910157,203.2073358154297,-0.012028907416161583,0.012863539480620363,AAPL
2025-07-15,208.4755859375,211.24715053377864,208.28615994072268,208.5852528191871,42296300,209.98200531005858,203.1289614868164,0.0023488258805162143,0.011469965064388167,AAPL
2025-07-16,209.52239990234375,211.75559423754484,208.00700716596054,209.6619745482938,47490500,210.21529388427734,203.23023162841798,0.0050212784395655685,0.010889284627123985,AAPL
2025-07-17,209.38282775878906,211.15742622671814,208.95412441878605,209.93116216460888,48068100,209.97402801513672,203.45734985351564,-0.0006661442577010623,0.00799126538006228,AAPL
2025-07-18,210.539306640625,211.1474566075158,209.06380098140497,210.23024956462245,48974600,209.7377471923828,203.71516479492186,0.005523274731814354,0.008018076395176738,AAPL
2025-07-21,211.83535766601562,215.12534891613055,210.98794558852114,211.45652088357517,51377400,209.98997802734374,204.0439047241211,0.006155862513610666,0.0060493393281885,AAPL
2025-07-22,213.74952697753906,214.29786137817433,211.58611235366487,212.49335516085276,46404100,210.42764587402343,204.3862353515625,0.009036118108957769,0.006514926916433705,AAPL
2025-07-23,213.5002899169922,214.4972560435483,211.76557859278188,214.3477172095632,46989300,210.72773132324218,204.7028713989258,-0.0011660239162684105,0.006476337520529266,AAPL
2025-07-24,213.11148071289062,215.03563331063384,212.8821827557749,213.25105536667797,46022600,210.86232147216796,204.7620913696289,-0.0018211179209767225,0.006333152771298654,AAPL
2025-07-25,213.23110961914062,214.58698409364732,212.75255494872997,214.0486138925591,40268800,211.13349456787108,204.7810336303711,0.0005613442591165807,0.005907665040673067,AAPL
2025-07-28,213.40061950683594,214.1981955143971,212.41361748607306,213.38067592321022,37858000,211.6748504638672,204.81532958984374,0.0007949585217563726,0.0036567398813509844,AAPL
2025-07-29,210.62904357910156,214.1582970701604,210.18041185237743,213.53020352524888,51411700,211.89019622802735,204.81174041748048,-0.012987665800312187,0.006138114487522588,AAPL
2025-07-30,208.41578674316406,211.74565019362484,207.08981987426867,211.2571312800854,45512500,211.77953491210937,204.76767456054688,-0.010507842595346095,0.006933300644418266,AAPL
2025-07-31,206.9402618408203,209.2033639475293,206.5315020865265,207.85746883247032,80698400,211.5352783203125,204.74354797363281,-0.0070797175463588324,0.007239463877253297,AAPL
2025-08-01,201.76600646972656,212.93202387361222,200.88867142379772,210.23023901853355,104434500,210.65794830322267,204.65421966552734,-0.02500361855671096,0.010016752894203068,AAPL
2025-08-04,202.7330780029297,207.24933356384108,201.06813110178,203.8895472057539,75109300,209.74772033691406,204.67934326171874,0.004793035011813274,0.009868346040221476,AAPL
2025-08-05,202.3043670654297,204.71702329589334,201.54667827641916,202.78290655256814,44155100,208.60320434570312,204.71044830322265,-0.0021146570738387327,0.008756580630413749,AAPL
2025-08-06,212.60302734375,214.72657006985978,204.96626313259566,205.00615029681612,108483100,208.51347808837892,205.06895751953124,0.050906762062084,0.019936008873543853,AAPL
2025-08-07,219.36245727539062,220.1799768073744,215.92292715514498,218.2159523061407,90224800,209.1385757446289,205.46415466308594,0.03179366736256095,0.022330979988253376,AAPL
2025-08-08,228.6541748046875,230.29916273925562,218.58481138779996,220.16001960779298,113854000,210.6808822631836,206.04099884033204,0.042357829341927555,0.025488092011162363,AAPL
2025-08-11,226.747802734375,229.12327986736793,224.3324083989562,227.48640043221798,61806100,212.0156005859375,206.58908752441405,-0.008337359560309343,0.025907036230589833,AAPL
2025-08-12,229.21310424804688,230.36092560837628,226.63802588155738,227.57622481823222,55626200,213.87400665283204,207.1685363769531,0.010872438382831362,0.02500803936998313,AAPL
2025-08-13,232.88612365722656,234.55294488479396,229.99163136972763,230.6304284784954,69878500,216.32104034423827,207.80449737548827,0.016024473911425474,0.024127709688836974,AAPL
2025-08-14,232.337158203125,234.67270293292236,230.41083714463488,233.6147219132583,51916300,218.86072998046876,208.39817413330078,-0.0023572269806403368,0.023768904700083398,AAPL
2025-08-15,231.1494140625,233.834298979768,228.9036945156081,233.5548328767578,56038700,221.7990707397461,208.9770687866211,-0.005112157477567991,0.02101024647828782,AAPL
2025-08-18,230.4507598876953,232.67651332576617,229.672244959047,231.25921652669462,37476200,224.57083892822266,209.5856576538086,-0.0030225219373292145,0.02152499847716726,AAPL
2025-08-19,230.1213836669922,232.42698672077375,228.9136940815642,230.84001516813981,39402600,227.3525405883789,210.12205871582032,-0.001429269406026834,0.021472192345499092,AAPL
2025-08-20,225.5800323486328,230.0315543310328,225.3404986724704,229.54248102593337,42263900,228.65024108886718,210.6168829345703,-0.019734590701623533,0.019174858167303882,AAPL
2025-08-21,224.47215270996094,226.08908123987146,223.35428822884654,225.83955683035407,30621200,229.1612106323242,211.06522338867188,-0.004911248691371939,0.017113479001062182,AAPL
2025-08-22,227.3267059326172,228.65417758009713,224.98118568943215,225.73973438952316,42477800,229.0284637451172,211.64821899414062,0.012716736522523586,0.010851856019091657,AAPL
2025-08-25,226.72784423828125,228.86377239669042,225.79960559269966,226.04912998143794,30983100,229.0264678955078,212.2108627319336,-0.002634365777127168,0.010541323508297482,AAPL
2025-08-26,228.87376403808594,229.0534295301293,224.26255788237486,226.43840339540802,54575100,228.9925338745117,212.8712579345703,0.009464738691509877,0.01038890851870893,AAPL
2025-08-27,230.05152893066406,230.46073738560713,227.82576024347395,228.17510050695543,31259500,228.70907440185547,213.51592803955077,0.005145914812595631,0.00898802523961236,AAPL
2025-08-28,232.11758422851562,232.9659733126178,228.90370861616245,230.3809040856524,38074700,228.68711700439454,214.2573504638672,0.008980837064874514,0.009523250723308195,AAPL
2025-08-29,231.69837951660156,232.9360260407387,230.92984008944924,232.0676707602769,39418400,228.74201354980468,214.97164611816407,-0.0018060015285242814,0.009384499817145196,AAPL
2025-09-02,229.28298950195312,230.4108447009183,226.53822101083426,228.81388239599917,44075600,228.62523651123047,215.54950164794923,-0.010424716908628007,0.009948648826147098,AAPL
2025-09-03,238.01634216308594,238.395624134605,233.9141603097862,236.75874463665696,66427800,229.41473236083985,216.29205505371092,0.03808984120498149,0.015705653396691853,AAPL
2025-09-04,239.32383728027344,239.44360411673358,236.28962732845326,237.99636566705198,47549400,230.78911285400392,217.08468566894533,0.005493299768011717,0.013420795435009982,AAPL
2025-09-05,239.2340087890625,240.86091270031892,238.03629475202086,239.54341659874092,54870400,232.26529846191406,217.85039611816407,-0.0003753428502223377,0.013083015272221426,AAPL
2025-09-08,237.42745971679688,239.69313028194867,235.89038089866295,238.84475646782593,48999500,233.27537384033204,218.5911410522461,-0.007551389041256629,0.013567881488614163,AAPL
2025-09-09,233.9041748046875,238.3257397896772,232.9160527142261,236.54912730927947,66313900,233.99300689697264,219.25982513427735,-0.014839416284502027,0.01477045715248929,AAPL
2025-09-10,226.35855102539062,231.97784546194652,225.52015268533836,231.7482872752143,83440800,233.74148559570312,219.69604553222655,-0.03225946602106422,0.018284835593811527,AAPL
2025-09-11,229.59239196777344,230.01159113632517,226.21881717306923,226.44839058875493,50208600,233.69557189941406,220.1441030883789,0.014286365271970913,0.018843606862161896,AAPL
2025-09-12,233.6247100830078,234.06386022938602,228.58431421011397,228.78393068206054,55824200,233.84628448486328,220.58068756103515,0.017562943095258854,0.019484657229776704,AAPL
2025-09-15,236.24969482421875,237.7368657054393,234.58287368836292,236.54912714503797,42699500,234.301416015625,221.04763916015625,0.01123590368620797,0.01972453390351382,AAPL
2025-09-16,237.6969451904297,240.76111223381088,235.87043992435724,236.72878926810645,63421100,235.14281158447267,221.61531707763672,0.006125935389198034,0.01924329802919971,AAPL
2025-09-17,238.5353546142578,239.6432435766681,237.27774187166392,238.5153883976145,46508000,235.19471282958983,222.19856719970704,0.003527220020250743,0.015040557565881399,AAPL
2025-09-18,237.42745971679688,240.74113579799257,236.199788714976,239.5134800259323,44249600,235.00507507324218,222.73712768554688,-0.004644573125239804,0.014994754375955257,AAPL
2025-09-19,245.032958984375,245.83144010441063,239.7530294205925,240.77107799962133,163741300,235.58497009277343,223.4024752807617,0.03203293872010393,0.018225294426743116,AAPL
2025-09-22,255.5928192138672,256.15178189089505,247.64797087114997,247.82763635806887,105517400,237.40150604248046,224.30394409179686,0.04309567281585802,0.021794728408396125,AAPL
2025-09-23,253.9459686279297,256.8504363399061,253.0975947938589,255.39322235208516,60275200,239.4056854248047,225.22312225341796,-0.006443258425658294,0.020980203394385364,AAPL
2025-09-24,251.8300018310547,255.2534845023776,250.56241362070242,254.73446948849343,42303700,241.95283050537108,226.09021057128905,-0.008332350414175016,0.016761603615439942,AAPL
2025-09-25,256.3813171386719,256.6807646844572,251.2311452680336,252.72829161839874,55202100,244.63172302246093,227.02738891601564,0.018072966979806315,0.01689027104577696,AAPL
2025-09-26,254.97401428222656,257.10994249251326,253.2972024297037,253.61660096533106,46076300,246.76665344238282,227.93921264648438,-0.005489100657377954,0.01749128904277222,AAPL
2025-09-29,253.9459686279297,254.5148915782133,252.52867184357527,254.0757261912774,40127700,248.5362808227539,228.80734588623048,-0.004031962461707783,0.017927412112765332,AAPL
2025-09-30,254.14559936523438,255.4331385813304,252.6284867333586,254.37515755125318,37704300,250.18114624023437,229.65355072021484,0.0007861150085717306,0.018048408426648344,AAPL
2025-10-01,254.9640350341797,258.29769267334166,254.44502000530687,254.55481135314994,48713900,251.82401428222656,230.47784088134765,0.0032203416899190263,0.018054959544217514,AAPL
2025-10-02,256.6408386230469,257.68882891050583,253.66649683440303,256.09186667190835,42630200,253.74535217285157,231.34065185546876,0.00657662791005964,0.017605918960386605,AAPL
2025-10-03,257.5291442871094,258.7468246365968,253.46689477740222,254.18552630266564,49155600,254.994970703125,232.22900512695313,0.003461279462880995,0.015449464294503465,AAPL
2025-10-06,256.20166015625,258.57713717661323,254.56478079871025,257.49917477533796,44664100,255.05585479736328,233.0884161376953,-0.005154694760991507,0.008000305094380373,AAPL
2025-10-07,255.99209594726562,256.9103287268919,254.94407514023973,256.32145476920215,31955800,255.26046752929688,233.9402456665039,-0.0008179658510275578,0.007666910618551204,AAPL
2025-10-08,257.569091796875,258.0282082133661,255.62278908467795,256.03201279963565,36496900,255.8343765258789,234.87904663085936,0.0061603302390016434,0.007090831201573226,AAPL
2025-10-09,253.55670166015625,257.50917476461467,252.65841993311406,257.3195337882977,38322000,255.55191497802736,235.78186492919923,-0.01557791778791151,0.006738447712963116,AAPL
2025-10-10,244.80340576171875,255.8922708493858,243.53581752909898,254.45500785015722,61999100,254.53485412597655,236.53912780761718,-0.034522045132806656,0.012573828157776233,AAPL
2025-10-13,247.18885803222656,249.2149949644775,245.09284695690994,248.90558714178317,38142900,253.85914306640626,237.4475848388672,0.009744359001401026,0.01330230658970293,AAPL
2025-10-14,247.29864501953125,248.37659224814226,244.23447809703134,246.13087266264282,35478000,253.17444763183593,238.33889617919922,0.0004441421356069508,0.013293035460852396,AAPL
2025-10-15,248.86566162109375,251.3409547309234,246.99922390992754,249.01538540478128,33893600,252.56461029052736,239.2701220703125,0.006336535331355142,0.013481046326096152,AAPL
2025-10-16,246.97926330566406,248.56623493239263,244.66368465033412,247.77774448085987,39777000,251.59845275878905,239.95764678955078,-0.0075799863393841704,0.013181220350346788,AAPL
2025-10-17,251.81002807617188,252.89796599708643,246.79958926324147,247.5481624372989,49147000,251.02654113769532,240.6065982055664,0.01955939420116093,0.01501529112054198,AAPL
2025-10-20,261.7411193847656,263.87706298772724,255.14370850365398,255.4032084113237,90483000,251.5804870605469,241.26833709716797,0.0394388237214669,0.0198607729456462,AAPL
2025-10-21,262.27008056640625,264.7853058703715,261.3318664386604,261.3817895915523,46695900,252.20828552246093,241.9787826538086,0.002020932679144938,0.019831225466803337,AAPL
2025-10-22,257.9583435058594,262.349966966352,254.94406918261987,262.15033525743416,45015300,252.24721069335936,242.55368743896486,-0.016440064574789193,0.02065155066597979,AAPL
2025-10-23,259.0861511230469,260.12418111371363,257.51916110368444,259.4454820834593,32754900,252.80015563964844,243.07768798828124,0.004372053262009956,0.019892376165067237,AAPL
2025-10-24,262.3200378417969,263.62754335723145,258.68694768993146,260.69313376057823,38253700,254.55181884765625,243.67734558105468,0.012481897255921526,0.015219553863030644,AAPL
2025-10-27,268.2986145019531,268.60802232244004,264.1465248140549,264.37609822840903,44888200,256.6627944946289,244.42032958984376,0.022791155068992097,0.016015735309315986,AAPL
2025-10-28,268.4882507324219,269.3765722048576,267.63986169210665,268.4782600095115,41534800,258.781755065918,245.1810794067383,0.0007068103233436318,0.01600155132781106,AAPL
2025-10-29,269.1869201660156,270.8936584399069,266.6018207191691,268.76770579477784,51086700,260.81388092041016,245.96239013671874,0.0026022346664624774,0.016097533091174208,AAPL
2025-10-30,270.8836669921875,273.6184749716116,267.969239224885,271.4725408872279,69886500,263.2043212890625,246.86846282958984,0.006303229091240592,0.015177372199851654,AAPL
2025-10-31,269.85565185546875,276.79244258078194,268.647962249571,276.4630533049319,86167100,265.0088836669922,247.7761328125,-0.003795042898427692,0.015234327775856895,AAPL
2025-11-03,268.53814697265625,270.33474092754267,265.74348587775046,269.90556627002525,50194600,265.68858642578124,248.6003616333008,-0.004882257880291285,0.010464280148562998,AAPL
2025-11-04,269.5262756347656,270.9734988318123,267.11086611942017,267.8195068636227,49274800,266.41420593261716,249.45633026123048,0.003679658451690937,0.010466943967423236,AAPL
2025-11-05,269.6260986328125,271.18312844251227,266.4221834255846,268.0989800730272,43683100,267.5809814453125,250.271376953125,0.0003703646251622672,0.008124602622884447,AAPL
2025-11-06,269.25677490234375,272.8798740142925,267.38037702601645,267.38037702601645,51204000,268.59804382324216,251.0554818725586,-0.0013697625428008564,0.008331990757249753,AAPL
2025-11-07,267.9592590332031,271.7719991063764,266.26248096015127,269.28671541495146,48227400,269.16196594238284,251.77231536865236,-0.0048188791892468386,0.008143506546289358,AAPL
2025-11-10,269.1781311035156,273.4741297822401,267.20997142836535,268.7085692371889,41312400,269.2499176025391,252.52191040039062,0.004548721603090611,0.003994266901601972,AAPL
2025-11-11,274.99267578125,275.65206242273547,269.5477586519058,269.55775905965567,46208300,269.9003601074219,253.43610412597656,0.02160110352909128,0.007831984677675572,AAPL
2025-11-12,273.21435546875,275.4722525277038,271.4460210796085,274.74292397164845,48398000,270.3031036376953,254.14006439208984,-0.0064667915516215535,0.008318976936309643,AAPL
2025-11-13,272.6948547363281,276.4413491841305,271.83564282199285,273.85374352181776,49602800,270.4842224121094,254.80748474121094,-0.0019014401037990014,0.008198204700500325,AAPL
2025-11-14,272.15533447265625,275.70200347225597,269.3479639093673,270.7965900477885,47431300,270.7141906738281,255.46591125488283,-0.00197847614027602,0.008107241935296916,AAPL
2025-11-17,267.2099609375,270.2371271729127,265.48159771217263,268.5687054184609,45018300,270.5813720703125,256.0615612792969,-0.01817114312581336,0.010019881001731836,AAPL
2025-11-18,267.19000244140625,270.4569347049811,265.0719890725528,269.7376065335732,45677300,270.3477447509766,256.72727783203123,-7.469218596389826e-05,0.00991774173803639,AAPL
2025-11-19,268.3089294433594,271.9555110777923,265.2517925781922,265.2817633125939,40424500,270.2160278320313,257.5662854003906,0.004187757744410714,0.010041604562718513,AAPL
2025-11-20,266.0010986328125,275.17250947675234,265.67142054546326,270.5768036466949,45823600,269.8904602050781,258.2944595336914,-0.00860139398019577,0.010370661508260597,AAPL
2025-11-21,271.2361755371094,273.0744516711978,265.4216397990326,265.70137680880595,59030800,270.21815185546876,259.04668884277345,0.01968065895668869,0.012152947286214468,AAPL
2025-11-24,275.6620788574219,276.7410558404627,270.64675212306133,270.64675212306133,65585800,270.8665466308594,259.8349365234375,0.016317525903571717,0.013041736894509146,AAPL
2025-11-25,276.7110900878906,280.1179060838009,274.9926967216935,275.012667049666,46914200,271.03838806152345,260.6152194213867,0.0038054245067611348,0.011227532076675789,AAPL
2025-11-26,277.29052734375,279.26868736786383,276.3714044558947,276.70108254872224,33431400,271.4460052490234,261.39032287597655,0.002094015298321983,0.010944891032392158,AAPL
2025-11-28,278.5893249511719,278.73917862681736,275.73198274965245,277.0008150112318,20135600,272.0354522705078,262.21356018066405,0.0046838874009274,0.010913165475895622,AAPL
2025-12-01,282.8353576660156,283.1550658399818,275.88187257202503,277.75011957449965,46587700,273.10345458984375,262.96960815429685,0.01524118957389331,0.011523069907135893,AAPL
2025-12-02,285.9224548339844,287.1313151163589,282.36578537497866,282.7354345985028,53669500,274.9747039794922,263.5762008666992,0.010914820528252767,0.008638117978210982,AAPL
2025-12-03,283.8843688964844,288.35019153510143,283.0351573834178,285.9324708384744,43538700,276.644140625,264.17496887207034,-0.007128107299873898,0.009508247806015389,AAPL
2025-12-04,280.4375915527344,284.46382276925783,278.32954829392816,283.83440686502166,43989100,277.8570068359375,264.7471206665039,-0.012141483369261685,0.011139175133521407,AAPL
2025-12-05,278.5193786621094,280.8771882481053,277.79005013345267,280.27774306596746,47265800,279.1088348388672,265.1898818969727,-0.006840070477014848,0.01092102185984702,AAPL
2025-12-08,277.6302185058594,279.4085531850005,275.8918244790692,277.86998437615557,38211800,279.7482391357422,265.6430059814453,-0.0031924534677664207,0.009759717793053065,AAPL
2025-12-09,276.9208679199219,279.7682096639769,276.6611317163261,277.8999627322321,32193300,279.8741180419922,266.10250396728514,-0.0025550193698475887,0.008508691713845343,AAPL
2025-12-10,278.5193786621094,279.48847306800184,276.1815698919154,277.490342786908,33038300,280.05494689941406,266.58997955322263,0.005772445948890148,0.00861595929802739,AAPL
2025-12-11,277.77008056640625,279.3286197507982,273.5540244422053,278.83908758708685,33248000,280.1029022216797,267.04610046386716,-0.0026902907054526803,0.008661731637740923,AAPL
2025-12-12,278.0198669433594,278.9589906850317,276.5612402656973,277.64021728323,39532900,280.04595642089845,267.47368103027344,0.0008992558753764257,0.008525979007806606,AAPL
2025-12-15,273.8537292480469,279.8880911943856,272.5849275039148,279.8880911943856,50409100,279.1477935791016,267.8001727294922,-0.014985035929685031,0.007779815397605155,AAPL
2025-12-16,274.353271484375,275.2424541197232,271.53593087885605,272.5649667835892,37648600,277.9908752441406,268.1632049560547,0.0018241206270945831,0.006347156733951721,AAPL
2025-12-17,271.58587646484375,275.90184538512057,271.38608172110213,274.75292651919426,50138700,276.7610260009766,268.47508056640623,-0.010086976563313366,0.006568907145339899,AAPL
2025-12-18,271.935546875,273.374203136776,266.7004552212896,273.35420232069225,51630700,275.91082153320315,268.76240966796877,0.0012875132341483297,0.006170955721700334,AAPL
2025-12-19,273.4141845703125,274.34330788170604,269.64768928264715,271.8955859651445,144632000,275.4003021240234,269.15955932617186,0.005437456457254575,0.006544616825206125,AAPL
2025-12-22,270.7166748046875,273.62395794129594,270.25711338978425,272.6048920133635,36571800,274.7089477539063,269.6778247070313,-0.0098660198257976,0.007021953465446233,AAPL
2025-12-23,272.1053771972656,272.2452609569047,269.30800689497966,270.5868091030317,29642000,274.22739868164064,270.17615509033203,0.005129726100470355,0.007423813618825468,AAPL
2025-12-24,273.55401611328125,275.17249671786806,271.9455359163183,272.085389177814,17910600,273.7308624267578,270.70126251220705,0.0053238158353827725,0.007374645490823067,AAPL
2025-12-26,273.1444091796875,275.1125687682936,272.6049054553,273.9037084592662,21521800,273.26829528808594,271.1868374633789,-0.0014973530252399003,0.007367797525822298,AAPL
2025-12-29,273.50408935546875,274.10350406329195,272.0954038139857,272.4350823114352,23715200,272.81671752929685,271.717333984375,0.0013168132449112857,0.007385034422034514,AAPL
2025-12-30,272.82470703125,273.82377221524894,272.02546707967076,272.5549704076282,22139600,272.7138153076172,272.13762756347654,-0.002483993295382736,0.005745849952918451,AAPL
2025-12-31,271.6058349609375,273.42414083736213,271.49595243002375,272.80472532736104,27293600,272.43907165527344,272.334921875,-0.004467601499789753,0.0058238762363462615,AAPL
2026-01-02,270.75665283203125,277.58025431004916,268.7485221479618,272.0054842546519,37838100,272.3561492919922,272.5046533203125,-0.003126523879828924,0.004969149111189347,AAPL
2026-01-05,267.0101623535156,271.25618925068443,265.89121426121545,270.38700744645297,45647200,271.8636108398438,272.6856896972656,-0.013837113287258118,0.006500022504202786,AAPL
2026-01-06,262.1147155761719,267.2998660934885,261.8749496989937,266.7503924619391,52352100,270.73366394042966,272.74626098632814,-0.018334308830022295,0.0077775243652999735,AAPL
2026-01-07,260.08660888671875,263.4334831315393,259.56710600115036,262.95395138764474,48309800,269.6706573486328,272.70159240722654,-0.00773747740562758,0.007632524262237748,AAPL
2026-01-08,258.7978515625,259.0476178563403,255.46096229095477,256.7797203952787,50419300,268.33990478515625,272.5115771484375,-0.004955108337700187,0.006930332719272245,AAPL
2026-01-09,259.1275329589844,259.9667440583015,255.98048371428257,258.8377955175017,39997000,266.8972564697266,272.32436279296877,0.0012738954148727721,0.006355827920894761,AAPL
2026-01-12,260.0067138671875,261.05572011368304,256.5599267903311,258.9177364764393,45263800,265.58348693847654,272.1407586669922,0.0033928502238405045,0.0068565717194981135,AAPL
2026-01-13,260.8059387207031,261.56523797230057,258.148452318208,258.4781303943212,45730800,264.313671875,271.9392041015625,0.0030738623692765366,0.007053160158294284,AAPL
2026-01-14,259.71697998046875,261.57525710051715,256.4700180914029,259.247418118488,40019400,263.0028991699219,271.7364306640625,-0.0041753602144793955,0.007013747885378397,AAPL
2026-01-15,257.9685974121094,260.7959687899761,256.8096782083212,260.40631875644857,39388600,261.63917541503906,271.52503967285156,-0.00673187624656213,0.0070351383944319825,AAPL
2026-01-16,255.29112243652344,258.6579671912775,254.69167723491495,257.6589020182799,72142800,260.0926223754883,271.2403366088867,-0.010379073276537754,0.007179636690227931,AAPL
2026-01-20,246.46937561035156,254.55180921698133,243.19244305608962,252.49373739571587,80267500,258.0385437011719,270.7772021484375,-0.03455563492367564,0.011458100325498963,AAPL
2026-01-21,247.41848754882812,251.3248360900433,244.9507953165175,248.46750904444812,54641700,256.5689208984375,270.3404364013672,0.003850831106810837,0.011363443925847705,AAPL
2026-01-22,248.1178436279297,250.76536025794266,247.9180183962477,248.96703988447874,39708300,255.3720443725586,269.94360809326173,0.0028266120532465244,0.01164007580769719,AAPL
2026-01-23,247.80812072753906,249.17685039145397,244.45126111041233,247.08880782235642,41689000,254.2730712890625,269.5162078857422,-0.001248289505752287,0.0116877764838395,AAPL
2026-01-26,255.17123413085938,256.32015295784896,249.5664780183616,251.24490015634893,55969200,253.87744140625,269.1197790527344,0.029712962519965025,0.015890275732854786,AAPL
2026-01-27,258.0285339355469,261.70511669708895,257.96859246831417,258.92771692213245,49648300,253.67962341308595,268.8160626220703,0.011197578028024013,0.016338461196103857,AAPL
2026-01-28,256.2002868652344,258.61800761819165,254.27208306792676,257.409147241713,41288000,253.21905822753905,268.4861712646484,-0.007085445328186779,0.01639742522516283,AAPL
2026-01-29,258.0385437011719,259.4072580677027,254.17216647920577,257.75880668092503,67253000,253.05121459960938,268.20383544921873,0.007175077196164281,0.016595516006192038,AAPL
2026-01-30,259.2374267578125,261.6551472598355,251.94423313215475,254.93144331105526,92443400,253.1780975341797,268.044384765625,0.0046461394466286166,0.016512422310532886,AAPL
2026-02-02,269.7575988769531,270.2371306501278,258.9676766447768,259.7869174093499,73913400,254.62474517822267,268.0957366943359,0.04058122413384724,0.020195624526455402,AAPL
2026-02-03,269.22808837890625,271.6258386480508,267.3598109321867,268.9483513556569,64394700,256.90061645507814,268.1141198730469,-0.0019629122599374993,0.014914892052781606,AAPL
2026-02-04,276.23150634765625,278.68922850453845,272.03545112075,272.03545112075,90545700,259.78191833496095,268.31872802734375,0.026012954335186356,0.015695909083001947,AAPL
2026-02-05,275.6520690917969,279.2387093202658,272.97458180817284,277.86999494352693,52977400,262.5353408813477,268.4070458984375,-0.0020976508564164442,0.01606030716774705,AAPL
2026-02-06,277.8599853515625,280.6473855638201,276.67109542368036,276.8609202349588,50453400,265.54052734375,268.4510040283203,0.008009793893585249,0.015554321134575864,AAPL
2026-02-09,274.6199951171875,278.20001220703125,271.70001220703125,277.9100036621094,44623400,267.4854034423828,268.40918212890625,-0.01166051394653178,0.015708446702681646,AAPL
2026-02-10,273.67999267578125,275.3699951171875,272.94000244140625,274.8900146484375,34376900,269.05054931640626,268.3369714355469,-0.003422920610733904,0.016001814392465168,AAPL
2026-02-11,275.5,280.17999267578125,274.45001220703125,274.70001220703125,51931300,270.9805206298828,268.27518493652343,0.0066501292492171515,0.01532721626388308,AAPL
2026-02-12,261.7300109863281,275.7200012207031,260.17999267578125,275.5899963378906,81077200,271.34966735839845,267.8530780029297,-0.049981811301894274,0.02375677122880612,AAPL
2026-02-13,255.77999877929688,262.2300109863281,255.4499969482422,262.010009765625,56290700,271.00392456054686,267.25022888183594,-0.022733396848946263,0.02492559966319572,AAPL
2026-02-17,263.8800048828125,266.2900085449219,255.5399932861328,258.04998779296875,58469100,270.4161651611328,266.8501416015625,0.031667863563111576,0.023382655666981413,AAPL
2026-02-18,264.3500061035156,266.82000732421875,262.45001220703125,263.6000061035156,34203300,269.92835693359376,266.5283898925781,0.0017811172199722058,0.02341241454682699,AAPL
2026-02-19,260.5799865722656,264.4800109863281,260.04998779296875,262.6000061035156,30845300,268.3632049560547,266.16960205078124,-0.014261469431454121,0.02152704224902168,AAPL
2026-02-20,264.5799865722656,264.75,258.1600036621094,258.9700012207031,42070500,267.25599670410156,265.9085974121094,0.015350373037534393,0.022526776062358558,AAPL
2026-02-23,266.17999267578125,269.42999267578125,263.3800048828125,263.489990234375,37308200,266.08799743652344,265.69377990722654,0.006047343656806037,0.022420176330556492,AAPL
2026-02-24,272.1400146484375,274.8900146484375,267.7099914550781,267.8599853515625,47014600,265.8399993896484,265.5661926269531,0.022390946489790453,0.02368699428741204,AAPL
2026-02-25,274.2300109863281,274.94000244140625,271.04998779296875,271.7799987792969,33714300,265.89500122070314,265.4953912353516,0.007679856784716499,0.023802567093382434,AAPL
2026-02-26,272.95001220703125,276.1099853515625,270.79998779296875,274.95001220703125,32345100,265.64000244140624,265.393994140625,-0.004667610137537803,0.023744484472070487,AAPL
2026-02-27,264.17999267578125,272.80999755859375,262.8900146484375,272.80999755859375,72366500,265.88500061035154,265.20051940917966,-0.03213049693728531,0.02000150470264521,AAPL
2026-03-02,264.7200012207031,266.5299987792969,260.20001220703125,262.4100036621094,41827900,266.7790008544922,265.00785400390623,0.002044093269336189,0.01817016089681974,AAPL
2026-03-03,263.75,265.55999755859375,260.1300048828125,263.4800109863281,38568900,266.76600036621096,264.85113647460935,-0.0036642536122324376,0.015314586012305452,AAPL
2026-03-04,262.5199890136719,266.1499938964844,261.4200134277344,264.6499938964844,39803100,266.58299865722654,264.66282531738284,-0.004663548763329417,0.015369473361086438,AAPL
2026-03-05,260.2900085449219,261.55999755859375,257.25,260.7900085449219,49658600,266.5540008544922,264.400341796875,-0.00849451684471103,0.014900424428803486,AAPL
2026-03-06,257.4599914550781,258.7699890136719,254.3699951171875,258.6300048828125,41120000,265.8420013427734,264.1352081298828,-0.010872553678353492,0.014187054667277176,AAPL
2026-03-09,259.8800048828125,261.1499938964844,253.67999267578125,255.69000244140625,38218500,265.2120025634766,263.89070068359376,0.009399570838394267,0.014452081085977907,AAPL
2026-03-10,260.8299865722656,262.4800109863281,256.95001220703125,257.6499938964844,30590800,264.08099975585935,263.63622009277344,0.0036554627966916,0.011881672200308053,AAPL
2026-03-11,260.80999755859375,262.1300048828125,259.54998779296875,261.0899963378906,26218900,262.73899841308594,263.38953186035155,-7.663617950748325e-05,0.011258901166544835,AAPL
2026-03-12,255.75999450683594,258.95001220703125,254.17999267578125,258.6600036621094,40794000,261.0199966430664,263.0346499633789,-0.019362766377938656,0.012142696759143243,AAPL
2026-03-13,250.1199951171875,256.3299865722656,249.52000427246094,255.47999572753906,36930000,259.613996887207,262.58055572509767,-0.022051921765652405,0.010000589260040937,AAPL
2026-03-16,252.82000732421875,253.88999938964844,249.8800048828125,252.11000061035156,32074200,258.4239974975586,262.2048391723633,0.01079486750256109,0.01105270233585478,AAPL
2026-03-17,254.22999572753906,255.1300048828125,252.17999267578125,252.9600067138672,32361600,257.4719970703125,261.87430603027343,0.005577044389181385,0.011510332631127537,AAPL
2026-03-18,249.94000244140625,254.94000244140625,249.0,252.6300048828125,35757900,256.21399841308596,261.53290283203125,-0.016874457610149385,0.012258000889724258,AAPL
2026-03-19,248.9600067138672,251.8300018310547,247.3000030517578,249.39999389648438,34864100,255.08099822998048,261.26980865478515,-0.0039209238936004365,0.012191247479256706,AAPL
2026-03-20,247.99000549316406,249.1999969482422,246.0,247.97999572753906,88331100,254.13399963378907,261.0278765869141,-0.003896213024359163,0.011975707167404965,AAPL
2026-03-23,251.49000549316406,254.60000610351562,250.27999877929688,253.97000122070312,40546100,253.2949996948242,260.8817196655273,0.01411347200480817,0.01262284937987918,AAPL
2026-03-24,251.63999938964844,254.8300018310547,249.5500030517578,250.35000610351562,45111500,252.3760009765625,260.73196899414063,0.0005964209042432778,0.012474333052314879,AAPL
2026-03-25,254.27000427246094,254.97999572753906,251.60000610351562,254.02000427246094,12302251,251.7220016479492,260.6172348022461,0.010451457992336488,0.013218393990215136,AAPL
2025-06-04,332.04998779296875,345.6000061035156,327.3299865722656,345.1000061035156,98912100,345.86899719238284,291.5264010620117,-0.03549540073392177,0.030979693221979694,TSLA
2025-06-05,284.70001220703125,324.54998779296875,273.2099914550781,322.489990234375,287499800,340.8769989013672,291.4576010131836,-0.14259893789082123,0.05396159876134115,TSLA
2025-06-06,295.1400146484375,305.5,291.1400146484375,298.8299865722656,164747700,336.28699951171876,291.9192013549805,0.036670186138995975,0.05544224705020457,TSLA
2025-06-09,308.5799865722656,309.8299865722656,281.8500061035156,285.9599914550781,140908900,333.21099853515625,292.62820098876955,0.04553761352840424,0.05846231661389468,TSLA
2025-06-10,326.0899963378906,327.8299865722656,310.6700134277344,314.94000244140625,151256500,329.53099670410154,293.87900115966795,0.05674382827003055,0.056715437492640436,TSLA
2025-06-11,326.42999267578125,335.5,322.5,334.3999938964844,122611400,326.48399658203124,295.2244009399414,0.0010426457165473302,0.05673240271255191,TSLA
2025-06-12,319.1099853515625,332.55999755859375,316.8599853515625,323.0799865722656,105127500,322.5519958496094,296.2374008178711,-0.022424432461661592,0.05675255182032835,TSLA
2025-06-13,325.30999755859375,332.989990234375,313.29998779296875,313.9700012207031,128964300,320.43699645996094,297.0884005737305,0.019429076154419578,0.056793345548935635,TSLA
2025-06-16,329.1300048828125,332.04998779296875,326.4100036621094,331.2900085449219,83925900,319.08099670410155,298.3254006958008,0.011742668079331553,0.056971708703069134,TSLA
2025-06-17,316.3500061035156,327.260009765625,314.739990234375,326.0899963378906,88282700,316.28899841308595,299.86380096435545,-0.03882963749794621,0.058018002807736134,TSLA
2025-06-18,322.04998779296875,329.32000732421875,315.45001220703125,317.30999755859375,95137700,315.28899841308595,301.63900085449217,0.0180179597897272,0.057545042305424586,TSLA
2025-06-20,322.1600036621094,332.3599853515625,317.7799987792969,327.95001220703125,108688000,319.0349975585938,303.64500091552736,0.0003416111576173275,0.029523449145740864,TSLA
2025-06-23,348.67999267578125,357.5400085449219,327.4800109863281,327.5400085449219,190716800,324.3889953613281,305.17460052490236,0.0823193093872907,0.03635777751346864,TSLA
2025-06-24,340.4700012207031,356.260009765625,340.44000244140625,356.1700134277344,114736200,327.5779968261719,306.9360006713867,-0.023545920693855638,0.03697369194333849,TSLA
2025-06-25,327.54998779296875,343.0,320.3999938964844,342.70001220703125,119845100,327.7239959716797,308.44080047607423,-0.037947582404945,0.035920329169834356,TSLA
2025-06-26,325.7799987792969,331.04998779296875,323.6099853515625,324.6099853515625,80440900,327.65899658203125,309.90940032958986,-0.0054037218123500486,0.03597756792094881,TSLA
2025-06-27,323.6300048828125,329.3399963378906,317.5,324.510009765625,89067000,328.1109985351562,311.29980041503904,-0.006599526995335614,0.03520324488680039,TSLA
2025-06-30,317.6600036621094,325.5799865722656,316.6000061035156,319.8999938964844,76695100,327.3459991455078,312.8220004272461,-0.018446995428822777,0.03515151218661995,TSLA
2025-07-01,300.7099914550781,305.8900146484375,293.2099914550781,298.4599914550781,145085700,324.5039978027344,314.0088003540039,-0.05335897504131726,0.03824944430991724,TSLA
2025-07-02,315.6499938964844,316.8299865722656,303.82000732421875,312.6300048828125,119483700,324.4339965820312,315.7718002319336,0.04968242780731846,0.04058143005872733,TSLA
2025-07-03,315.3500061035156,318.45001220703125,312.760009765625,317.989990234375,58042300,323.7639984130859,317.3194003295898,-0.0009503811144286889,0.04011253522552816,TSLA
2025-07-07,293.94000244140625,296.1499938964844,288.7699890136719,291.3699951171875,131177900,320.94199829101564,318.1834002685547,-0.06789282780315342,0.045258565764177874,TSLA
2025-07-08,297.80999755859375,304.04998779296875,294.3500061035156,297.0,103246700,315.85499877929686,318.94940002441405,0.013165935514200422,0.03369402286298058,TSLA
2025-07-09,295.8800048828125,300.1499938964844,293.54998779296875,297.54998779296875,75586800,311.3959991455078,319.1679998779297,-0.0064806174796113725,0.03365253487074794,TSLA
2025-07-10,309.8699951171875,310.4800109863281,300.0,300.04998779296875,104365300,309.6279998779297,319.6477996826172,0.0472826483827995,0.03734193042924785,TSLA
2025-07-11,313.510009765625,314.0899963378906,305.6499938964844,307.8900146484375,79236400,308.4010009765625,320.07739990234376,0.01174690904506881,0.03770829016075764,TSLA
2025-07-14,316.8999938964844,322.6000061035156,312.6700134277344,317.7300109863281,78043400,307.7279998779297,320.77219970703123,0.010813001260769006,0.037934456103255854,TSLA
2025-07-15,310.7799987792969,321.20001220703125,310.5,319.67999267578125,77556300,307.0399993896484,321.37739990234377,-0.01931207079538977,0.037978499909192456,TSLA
2025-07-16,321.6700134277344,323.5,312.6199951171875,312.79998779296875,97284800,309.13600158691406,322.06660034179686,0.03504091219258654,0.0347228757393726,TSLA
2025-07-17,319.4100036621094,324.3399963378906,317.05999755859375,323.1499938964844,73922900,309.5120025634766,322.84960021972654,-0.007025863995037018,0.03151642982062984,TSLA
2025-07-18,329.6499938964844,330.8999938964844,321.4200134277344,321.6600036621094,94255000,310.94200134277344,323.93559997558594,0.03205907804067243,0.03291284365631473,TSLA
2025-07-21,328.489990234375,338.0,326.8800048828125,334.3999938964844,75768800,314.3970001220703,324.9809997558594,-0.0035188948387289143,0.021348605341314584,TSLA
2025-07-22,332.1099853515625,335.4100036621094,321.54998779296875,329.739990234375,77370400,317.8269989013672,325.92679931640623,0.0110201078413521,0.02133940960199844,TSLA
2025-07-23,332.55999755859375,336.20001220703125,328.6700134277344,330.8999938964844,92553800,321.4949981689453,326.6127990722656,0.0013550095657464123,0.02075545673900164,TSLA
2025-07-24,305.29998779296875,310.1499938964844,300.4100036621094,310.0,156966000,321.0379974365234,326.35119873046875,-0.08197020076301287,0.0329613690296293,TSLA
2025-07-25,316.05999755859375,323.6300048828125,308.010009765625,308.739990234375,148227000,321.2929962158203,325.9909985351562,0.03524405566934252,0.034757933551871664,TSLA
2025-07-28,325.5899963378906,330.489990234375,315.69000244140625,318.45001220703125,112673800,322.16199645996096,325.54919860839846,0.030152499060024596,0.035862183744777475,TSLA
2025-07-29,321.20001220703125,326.25,318.25,325.54998779296875,87358900,323.20399780273436,325.1167987060547,-0.013483166498468035,0.03549927275455685,TSLA
2025-07-30,319.0400085449219,324.45001220703125,311.6199951171875,322.17999267578125,83931900,322.9409973144531,324.49799865722656,-0.006724793213012448,0.033845106866775415,TSLA
2025-07-31,308.2699890136719,321.3699951171875,306.1000061035156,319.6099853515625,85270900,321.8269958496094,323.8215985107422,-0.03375758288237862,0.03545374444523173,TSLA
2025-08-01,302.6300048828125,309.30999755859375,297.82000732421875,306.2099914550781,89121400,319.1249969482422,322.99779846191404,-0.01829559909125389,0.033446070693915766,TSLA
2025-08-04,309.260009765625,312.1199951171875,303.0,309.0799865722656,78683900,317.2019989013672,322.4905987548828,0.021907956170373222,0.03476492623194771,TSLA
2025-08-05,308.7200012207031,312.45001220703125,305.5,308.95001220703125,57961300,314.8630004882813,321.8441986083984,-0.0017461311772288823,0.03432431164686467,TSLA
2025-08-06,319.9100036621094,320.4700012207031,306.92999267578125,307.8900146484375,78523600,313.59800109863284,321.4555987548828,0.03624644466558724,0.036913437488062244,TSLA
2025-08-07,322.2699890136719,322.3999938964844,316.1600036621094,319.7900085449219,66658700,315.2950012207031,320.6431982421875,0.007377028928595486,0.024449209742819857,TSLA
2025-08-08,329.6499938964844,335.1499938964844,320.9800109863281,321.42999267578125,91200300,316.6540008544922,320.0981982421875,0.02290006868278205,0.023063758733718912,TSLA
2025-08-11,339.0299987792969,346.6400146484375,334.1499938964844,335.0,105320200,317.9980010986328,319.7101983642578,0.02845443669493286,0.022858902813472665,TSLA
2025-08-12,340.8399963378906,345.260009765625,332.94000244140625,345.0,80522100,319.9619995117188,319.59779846191407,0.005338753399730889,0.0219914964205598,TSLA
2025-08-13,339.3800048828125,348.9800109863281,338.20001220703125,341.5,67838900,321.9959991455078,319.5315985107422,-0.004283509772223915,0.021845510947853006,TSLA
2025-08-14,335.5799865722656,340.4700012207031,330.3999938964844,335.760009765625,75000700,324.7269989013672,319.35779846191406,-0.011196942235471519,0.018075519613704395,TSLA
2025-08-15,330.55999755859375,339.29998779296875,327.0199890136719,337.6600036621094,74319800,327.51999816894534,319.32799865722654,-0.014959143019665277,0.01754548907814372,TSLA
2025-08-18,335.1600036621094,336.2699890136719,329.5899963378906,329.6199951171875,56956600,330.10999755859376,320.33719848632813,0.013915797850586165,0.017067910885980236,TSLA
2025-08-19,329.30999755859375,340.54998779296875,327.8500061035156,335.7900085449219,75956000,332.1689971923828,321.0205981445313,-0.017454368181154756,0.0187276251393159,TSLA
2025-08-20,323.8999938964844,331.3699951171875,314.6000061035156,329.2200012207031,77481800,332.5679962158203,321.3269982910156,-0.016428300696053943,0.016779651526716326,TSLA
2025-08-21,320.1099853515625,324.8999938964844,318.67999267578125,322.0799865722656,55744400,332.35199584960935,321.20739807128905,-0.011701168929731831,0.017101804979379978,TSLA
2025-08-22,340.010009765625,340.25,319.69000244140625,321.6600036621094,94016300,333.38799743652345,321.47899841308595,0.062166209505171155,0.025518636786011017,TSLA
2025-08-25,346.6000061035156,349.5299987792969,335.0299987792969,338.8999938964844,86670000,334.14499816894534,322.028798828125,0.019381771561470362,0.024675672526301977,TSLA
2025-08-26,351.6700134277344,351.8999938964844,343.7200012207031,344.92999267578125,76651600,335.2279998779297,322.5559991455078,0.01462783391499567,0.024968439761447445,TSLA
2025-08-27,349.6000061035156,355.3900146484375,349.1600036621094,351.94000244140625,65519000,336.25,322.96539916992185,-0.0058862207330171445,0.02502836039486081,TSLA
2025-08-28,345.9800109863281,353.54998779296875,340.260009765625,350.9100036621094,67903200,337.2900024414063,323.5579992675781,-0.010354676927882056,0.024975715731294548,TSLA
2025-08-29,333.8699951171875,348.75,331.70001220703125,347.2300109863281,81145700,337.6210021972656,323.7943994140625,-0.03500206799409333,0.027302403619358127,TSLA
2025-09-02,329.3599853515625,333.3299865722656,325.6000061035156,328.2300109863281,58392000,337.04100036621094,323.9383990478516,-0.01350828116207925,0.02727465743906874,TSLA
2025-09-03,334.0899963378906,343.3299865722656,328.510009765625,335.20001220703125,88733300,337.5190002441406,323.64659912109374,0.014361219324440011,0.02705062339244726,TSLA
2025-09-04,338.5299987792969,338.8900146484375,331.4800109863281,336.1499938964844,60711000,338.98200073242185,323.6077990722656,0.01328983953448204,0.02645561782905571,TSLA
2025-09-05,350.8399963378906,355.8699951171875,344.67999267578125,348.0,108989800,342.0550018310547,324.07359924316404,0.036363092201525005,0.027483396134604952,TSLA
2025-09-08,346.3999938964844,358.44000244140625,344.8399963378906,354.6400146484375,75208300,342.6940002441406,324.48599914550783,-0.01265534855703887,0.02098121379280273,TSLA
2025-09-09,346.9700012207031,350.7699890136719,343.82000732421875,348.44000244140625,53816000,342.7309997558594,324.95279907226563,0.001645517708609212,0.020084912580758594,TSLA
2025-09-10,347.7900085449219,356.3299865722656,346.07000732421875,350.54998779296875,72121700,342.34299926757814,325.5553991699219,0.0023633378140295314,0.019477251830452822,TSLA
2025-09-11,368.80999755859375,368.989990234375,347.6000061035156,350.1700134277344,103756000,344.2639984130859,326.9173992919922,0.06043873744853956,0.027319176534504115,TSLA
2025-09-12,395.94000244140625,396.69000244140625,370.239990234375,370.94000244140625,168156400,349.25999755859374,328.5231994628906,0.07356092584909457,0.03392997761762508,TSLA
2025-09-15,410.0400085449219,425.70001220703125,402.42999267578125,423.1300048828125,163823700,356.8769989013672,330.41699951171876,0.03561147147692467,0.02965788914837435,TSLA
2025-09-16,421.6199951171875,423.25,411.42999267578125,414.5,104285700,366.1029998779297,332.97059936523436,0.028241113869250656,0.027062368228336072,TSLA
2025-09-17,425.8599853515625,428.30999755859375,409.6700134277344,415.75,106133500,375.2799987792969,335.53159912109373,0.01005642588937583,0.027289378890449217,TSLA
2025-09-18,416.8500061035156,432.2200012207031,416.55999755859375,428.8699951171875,90454500,383.11199951171875,337.9509991455078,-0.021157139806429193,0.030857399339635334,TSLA
2025-09-19,426.07000732421875,429.4700012207031,421.7200012207031,421.82000732421875,93131000,390.63500061035154,340.2749993896484,0.022118270566640064,0.030417969529813668,TSLA
2025-09-22,434.2099914550781,444.9800109863281,429.1300048828125,431.1099853515625,97108800,399.41600036621094,342.6889990234375,0.019104804353584193,0.028204444490431715,TSLA
2025-09-23,425.8500061035156,440.9700012207031,423.7200012207031,439.8800048828125,83422700,407.3040008544922,344.8679992675781,-0.019253323313789705,0.030647385038519888,TSLA
2025-09-24,442.7900085449219,444.2099914550781,429.0299987792969,429.8299865722656,93133600,416.8040008544922,347.5081994628906,0.03977927016229388,0.03038746827521713,TSLA
2025-09-25,423.3900146484375,435.3500061035156,419.0799865722656,435.239990234375,96746400,422.2620025634766,349.5425994873047,-0.04381307961359793,0.0344348205382212,TSLA
2025-09-26,440.3999938964844,440.4700012207031,421.0199890136719,428.29998779296875,101628200,426.7080017089844,351.9623992919922,0.0401756741055197,0.029299953280374928,TSLA
2025-09-29,443.2099914550781,450.9800109863281,439.5,444.3500061035156,79491500,430.025,354.23359924316406,0.00638055766924972,0.028011115956032336,TSLA
2025-09-30,444.7200012207031,445.0,433.1199951171875,441.5199890136719,74358000,432.3350006103516,356.5581994628906,0.0034069849388267404,0.02711996387388366,TSLA
2025-10-01,459.4599914550781,462.2900085449219,440.75,443.79998779296875,98122300,435.69500122070315,359.1051995849609,0.033144428390707636,0.02848250005137986,TSLA
2025-10-02,436.0,470.75,435.57000732421875,470.5400085449219,137009000,437.61000061035156,361.17399963378904,-0.051059922281332826,0.033080901091752,TSLA
2025-10-03,429.8299865722656,446.7699890136719,416.5799865722656,443.2900085449219,133188200,437.9859985351562,363.664599609375,-0.014151406944344913,0.032983477194002166,TSLA
2025-10-06,453.25,453.54998779296875,436.69000244140625,440.75,85324900,439.88999938964844,366.4083996582031,0.054486690457546505,0.03677674486070904,TSLA
2025-10-07,433.0899963378906,452.67999267578125,432.45001220703125,447.82000732421875,102296100,440.61399841308594,368.55839965820314,-0.044478772558432134,0.03939048415409338,TSLA
2025-10-08,438.69000244140625,441.3299865722656,425.2300109863281,437.57000732421875,71192100,440.20399780273436,370.90819946289065,0.012930352007360923,0.037424573653977986,TSLA
2025-10-09,435.5400085449219,436.3500061035156,426.17999267578125,431.80999755859375,69339900,441.4189971923828,373.23819946289063,-0.007180455170972544,0.034359194955131234,TSLA
2025-10-10,413.489990234375,443.1300048828125,411.45001220703125,436.5400085449219,112107900,438.7279968261719,375.3425994873047,-0.05062684914805626,0.03552877978816235,TSLA
2025-10-13,435.8999938964844,436.8900146484375,419.70001220703125,423.5299987792969,79552800,437.9969970703125,378.0079992675781,0.054197209585187034,0.04024254173743921,TSLA
2025-10-14,429.239990234375,434.20001220703125,417.8599853515625,426.7900085449219,72669400,436.44899597167966,380.4075988769531,-0.015278742269702716,0.04045189488205196,TSLA
2025-10-15,435.1499938964844,440.510009765625,426.3299865722656,434.8999938964844,71558200,434.0179962158203,382.93619873046873,0.013768529951932784,0.03897592734690966,TSLA
2025-10-16,428.75,439.3500061035156,421.30999755859375,434.7300109863281,77189900,433.2929962158203,385.11299865722657,-0.01470755828163206,0.03573626474987124,TSLA
2025-10-17,439.30999755859375,441.4599914550781,423.6000061035156,425.5,89331600,434.2409973144531,387.453798828125,0.02462973191508744,0.036263427852095874,TSLA
2025-10-20,447.42999267578125,449.79998779296875,440.6099853515625,443.8699951171875,63719000,433.65899658203125,389.80939880371096,0.018483519979771268,0.03210796130808188,TSLA
2025-10-21,442.6000061035156,449.29998779296875,442.04998779296875,445.760009765625,54412200,434.60999755859376,391.8807989501953,-0.010794954856246153,0.028594223590923153,TSLA
2025-10-22,438.9700012207031,445.5400085449219,429.0,443.45001220703125,84023500,434.63799743652345,393.84339904785156,-0.008201547294971134,0.028521960645196232,TSLA
2025-10-23,448.9800109863281,449.3999938964844,413.8999938964844,420.0,126709800,435.98199768066405,396.0353991699219,0.022803402824313368,0.029201091610243698,TSLA
2025-10-24,433.7200012207031,451.67999267578125,430.1700134277344,446.8299865722656,94727800,438.0049987792969,397.9981994628906,-0.03398817183887881,0.02608685610464497,TSLA
2025-10-27,452.4200134277344,460.1600036621094,438.69000244140625,439.9800109863281,105867500,439.65700073242186,400.4353997802734,0.043115401997602554,0.023913906648948473,TSLA
2025-10-28,460.54998779296875,467.0,451.6000061035156,454.7799987792969,80185700,442.7880004882812,402.9431994628906,0.017969970655449252,0.023240170925742144,TSLA
2025-10-29,461.510009765625,465.70001220703125,452.6499938964844,462.5,67983500,445.4240020751953,405.58719970703123,0.0020845119924046696,0.02317287863965523,TSLA
2025-10-30,440.1000061035156,455.05999755859375,439.6099853515625,451.04998779296875,72447900,446.5590026855469,407.91119995117185,-0.04639120107705208,0.028002630320579924,TSLA
2025-10-31,456.55999755859375,458.0,443.69000244140625,446.75,83135800,448.28400268554685,410.6402001953125,0.03740057084027071,0.029358529509236946,TSLA
2025-11-03,468.3699951171875,474.07000732421875,453.79998779296875,455.989990234375,84595200,450.3780029296875,413.20739990234375,0.02586735066967427,0.029845158314415022,TSLA
2025-11-04,444.260009765625,460.2200012207031,443.6000061035156,454.4599914550781,87756600,450.54400329589845,415.1605999755859,-0.05147636612701911,0.0346251469338545,TSLA
2025-11-05,462.07000732421875,466.3299865722656,440.7099914550781,452.04998779296875,85573000,452.85400390625,417.3685998535156,0.040089130615176494,0.03652713099695239,TSLA
2025-11-06,445.9100036621094,467.45001220703125,435.0899963378906,461.9599914550781,109622900,452.5470031738281,419.2947998046875,-0.03497306340156037,0.038066499608084024,TSLA
2025-11-07,429.5199890136719,439.3599853515625,421.8800048828125,437.9200134277344,103471500,452.127001953125,420.96559936523437,-0.03675632866235745,0.03834988629850084,TSLA
2025-11-10,445.2300109863281,449.6700134277344,433.3599853515625,439.6000061035156,76515900,451.4080017089844,423.1927996826172,0.03657576451501576,0.037575081310971155,TSLA
2025-11-11,439.6199951171875,442.489990234375,432.3599853515625,439.3999938964844,60533200,449.31500244140625,425.3979998779297,-0.01260026442672324,0.03710438667952423,TSLA
2025-11-12,430.6000061035156,442.3299865722656,426.55999755859375,442.1499938964844,58513500,446.2240020751953,427.3282000732422,-0.02051769508633805,0.037378742296450114,TSLA
2025-11-13,401.989990234375,424.5,396.3399963378906,423.1300048828125,118948000,442.4130004882812,428.59739990234374,-0.06644220962287406,0.04020086217358671,TSLA
2025-11-14,404.3500061035156,412.19000244140625,382.7799987792969,386.29998779296875,105506700,437.19200134277344,429.66760009765625,0.005870832424868633,0.037355490667085614,TSLA
2025-11-17,408.9200134277344,423.9599914550781,398.739990234375,398.739990234375,102214300,431.24700317382815,430.9180004882812,0.011302107716671506,0.035998692550884226,TSLA
2025-11-18,401.25,408.8999938964844,393.7099914550781,405.3800048828125,80688600,426.9460021972656,432.0036004638672,-0.018756757252943457,0.033502554678476,TSLA
2025-11-19,403.989990234375,411.7799987792969,398.5,406.17999267578125,72047700,421.13800048828125,433.1276000976562,0.006828636098130891,0.029421586958330116,TSLA
2025-11-20,395.2300109863281,428.94000244140625,394.739990234375,414.6300048828125,113548800,416.07000122070315,433.65600036621095,-0.02168365419886953,0.028604945402047388,TSLA
2025-11-21,391.0899963378906,402.79998779296875,383.760009765625,402.32000732421875,100460600,412.227001953125,433.55900024414063,-0.010474950113494086,0.02721209648145356,TSLA
2025-11-24,417.7799987792969,421.7200012207031,401.0899963378906,402.1700134277344,96806400,409.48200073242185,433.71380004882815,0.0682451678419993,0.03408031271800992,TSLA
2025-11-25,419.3999938964844,420.4800109863281,405.95001220703125,414.4200134277344,71915600,407.4600006103516,433.6694000244141,0.0038776272725380423,0.034114552451526545,TSLA
2025-11-26,426.5799865722656,426.94000244140625,416.8900146484375,423.95001220703125,63463000,407.05799865722656,433.6838000488281,0.017119677587676296,0.03418731630606632,TSLA
2025-11-28,430.1700134277344,432.92999267578125,426.20001220703125,426.5899963378906,36252900,409.8760009765625,433.9502001953125,0.008415835173881447,0.025114019518634276,TSLA
2025-12-01,430.1400146484375,433.6600036621094,425.2900085449219,425.32000732421875,57463600,412.4550018310547,434.0316003417969,-6.973703038437584e-05,0.025215708267194353,TSLA
2025-12-02,429.239990234375,436.79998779296875,422.1199951171875,430.80999755859375,69336600,414.48699951171875,433.9322003173828,-0.0020923987153301793,0.02528677761058761,TSLA
2025-12-03,446.739990234375,447.9200134277344,431.1099853515625,432.1000061035156,87483000,419.03599853515624,434.35,0.04076973347810542,0.026031519831506946,TSLA
2025-12-04,454.5299987792969,454.6300048828125,445.3900146484375,449.94000244140625,71906500,424.0899993896484,434.5847998046875,0.017437455153354264,0.026054558638078647,TSLA
2025-12-05,455.0,458.8699951171875,451.6600036621094,453.0299987792969,56427500,430.06699829101564,435.21699951171877,0.0010340378456106247,0.023656326343812973,TSLA
2025-12-08,439.5799865722656,449.75,435.25,447.45001220703125,69165800,434.91599731445314,435.2005993652344,-0.033890139401614006,0.02727671443300298,TSLA
2025-12-09,445.1700134277344,452.3900146484375,435.70001220703125,437.5400085449219,62367400,437.6549987792969,435.2397998046875,0.01271674558948499,0.01895678124519669,TSLA
2025-12-10,451.45001220703125,456.8800048828125,443.6099853515625,446.07000732421875,63257500,440.86000061035156,435.37440002441406,0.014106967203253218,0.019073276447708447,TSLA
2025-12-11,446.8900146484375,449.2699890136719,440.3299865722656,448.95001220703125,55979500,442.89100341796876,435.12300048828126,-0.010100780674035192,0.019494293022151884,TSLA
2025-12-12,458.9599914550781,463.010009765625,441.6700134277344,448.0899963378906,95656700,445.77000122070314,435.5822003173828,0.027008830833098685,0.020722013104499268,TSLA
2025-12-15,475.30999755859375,481.7699890136719,467.6600036621094,469.44000244140625,114542200,450.28699951171876,436.4918005371094,0.035624033484225714,0.022431496441279907,TSLA
2025-12-16,489.8800048828125,491.5,465.8299865722656,472.2099914550781,107608100,456.3510009765625,437.22440063476563,0.030653694218629735,0.022814575698873612,TSLA
2025-12-17,467.260009765625,495.2799987792969,466.20001220703125,488.2200012207031,106490400,458.4030029296875,437.9078009033203,-0.04617456293730249,0.027390788890023287,TSLA
2025-12-18,483.3699951171875,490.8599853515625,473.1199951171875,478.1600036621094,95168400,461.28700256347656,438.80140075683596,0.034477560704677446,0.028757404776970693,TSLA
2025-12-19,481.20001220703125,490.489990234375,474.7200012207031,488.1199951171875,103305400,463.90700378417966,439.7146008300781,-0.00448927929345333,0.02892756458108023,TSLA
2025-12-22,488.7300109863281,498.8299865722656,485.3299865722656,489.8800048828125,86916100,468.82200622558594,441.2194012451172,0.01564837611861325,0.025360425309389825,TSLA
2025-12-23,485.55999755859375,491.9700012207031,482.8399963378906,489.3999938964844,58223600,472.8610046386719,442.21260131835936,-0.00648622625268469,0.025932126365482932,TSLA
2025-12-24,485.3999938964844,490.8999938964844,476.79998779296875,488.4800109863281,41285400,476.25600280761716,443.33580139160154,-0.00032952397832164415,0.026019586305132937,TSLA
2025-12-26,475.19000244140625,489.0899963378906,473.82000732421875,485.2300109863281,58780700,479.08600158691405,444.1366015625,-0.021034181259704576,0.02705436404214239,TSLA
2025-12-29,459.6400146484375,469.3999938964844,459.0,469.0,66263000,479.15400390625,444.75440185546876,-0.03272372674735757,0.02857218607648345,TSLA
2025-12-30,454.42999267578125,463.1199951171875,453.8299865722656,461.0899963378906,59238500,477.0660034179688,445.0568017578125,-0.011335005235871831,0.025894537014083424,TSLA
2025-12-31,449.7200012207031,456.54998779296875,449.29998779296875,456.1000061035156,49078000,473.0500030517578,445.10260192871095,-0.010364613980130777,0.0228313014055428,TSLA
2026-01-02,438.07000732421875,458.3399963378906,435.29998779296875,457.79998779296875,85535400,470.13100280761716,445.012001953125,-0.02590499391813139,0.019790618475474434,TSLA
2026-01-05,451.6700134277344,457.54998779296875,444.57000732421875,447.989990234375,67940800,466.96100463867185,445.2660021972656,0.031045280151877908,0.019020498639258452,TSLA
2026-01-06,432.9599914550781,448.25,428.7799987792969,446.3800048828125,89093800,462.1370025634766,444.94560180664064,-0.041424095947095174,0.02192930967659384,TSLA
2026-01-07,431.4100036621094,438.3699951171875,431.2900085449219,435.8999938964844,59828800,456.4050018310547,444.89940185546874,-0.0035799792672750463,0.02017498496124312,TSLA
2026-01-08,435.79998779296875,436.8900146484375,424.3699951171875,427.8900146484375,57041100,451.4290008544922,444.56700134277344,0.010175897854927118,0.021354150998153666,TSLA
2026-01-09,445.010009765625,449.04998779296875,430.3900146484375,435.95001220703125,67331500,447.39000244140624,444.2562017822266,0.02113359850994656,0.0234691666334601,TSLA
2026-01-12,448.9599914550781,454.29998779296875,438.0,441.2300109863281,61649600,444.7670013427734,444.0052014160156,0.00887616368794375,0.023585935478336126,TSLA
2026-01-13,447.20001220703125,451.80999755859375,443.95001220703125,450.20001220703125,53719200,443.5230010986328,444.14720153808594,-0.003920124914344347,0.02155069212349689,TSLA
2026-01-14,439.20001220703125,443.9100036621094,434.2200012207031,442.80999755859375,57259500,442.0000030517578,443.8000018310547,-0.017889087168218576,0.021944302245775676,TSLA
2026-01-15,438.57000732421875,445.3599853515625,437.6499938964844,441.1300048828125,49465800,440.8850036621094,443.2040020751953,-0.0014344373071545347,0.021800912082001793,TSLA
2026-01-16,437.5,447.25,435.260009765625,439.5,60220600,440.8280029296875,443.0688018798828,-0.0024397640202233895,0.020179508047087562,TSLA
2026-01-20,419.25,430.7300109863281,417.44000244140625,429.3599853515625,63187300,437.58600158691405,442.21240173339845,-0.041714285714285704,0.020869163684076694,TSLA
2026-01-21,431.44000244140625,438.20001220703125,419.6199951171875,421.6600036621094,68124000,437.4340026855469,441.9230017089844,0.02907573629435012,0.01991750432193199,TSLA
2026-01-22,449.3599853515625,449.5,432.6300048828125,435.1600036621094,71546700,439.2290008544922,442.3198016357422,0.041535283721378935,0.023792327791617492,TSLA
2026-01-23,449.05999755859375,452.42999267578125,444.0400085449219,447.42999267578125,56771400,440.5550018310547,442.3964013671875,-0.0006675890216037983,0.02374384521171886,TSLA
2026-01-26,435.20001220703125,445.0400085449219,434.2799987792969,445.0,49397400,439.5740020751953,442.30800170898436,-0.030864440001147186,0.025051283190696324,TSLA
2026-01-27,430.8999938964844,437.5199890136719,430.69000244140625,437.4100036621094,37733100,437.76800231933595,442.3140014648437,-0.009880556502607107,0.024852505109761457,TSLA
2026-01-28,431.4599914550781,438.260009765625,430.1000061035156,431.9100036621094,54857400,436.1940002441406,442.9034014892578,0.0012995998294869082,0.024904925994603682,TSLA
2026-01-29,416.55999755859375,440.2300109863281,414.6199951171875,437.79998779296875,81686100,433.92999877929685,443.14760131835936,-0.03453389466363932,0.026493973968705554,TSLA
2026-01-30,430.4100036621094,439.8800048828125,422.70001220703125,425.3500061035156,82626100,433.11399841308594,443.57740112304685,0.033248526466028494,0.029144688676750394,TSLA
2026-02-02,421.80999755859375,427.1499938964844,414.5,421.2900085449219,58739500,431.5449981689453,443.98860107421876,-0.019980962408733927,0.029729923186297545,TSLA
2026-02-03,421.9599914550781,428.55999755859375,413.69000244140625,424.2699890136719,56886500,431.8159973144531,444.34800109863284,0.0003555958781265023,0.026480978480875998,TSLA
2026-02-04,406.010009765625,423.8999938964844,399.17999267578125,420.4599914550781,74606900,429.272998046875,444.56360107421875,-0.03779974882085746,0.027030025635887453,TSLA
2026-02-05,397.2099914550781,402.1000061035156,387.5299987792969,397.0199890136719,72819800,424.05799865722656,444.6860009765625,-0.02167438757390938,0.021593260589678087,TSLA
2026-02-06,411.1099853515625,414.54998779296875,397.75,400.8699951171875,62677100,420.26299743652345,444.5526007080078,0.03499406912088299,0.02614662632537086,TSLA
2026-02-09,417.32000732421875,421.25,407.2900085449219,409.9100036621094,54484300,418.47499694824216,444.5110009765625,0.015105500216312517,0.025813511857840733,TSLA
2026-02-10,425.2099914550781,427.25,417.0,418.0799865722656,64450200,417.90599670410154,444.48360107421877,0.018906316477488305,0.026661997839947143,TSLA
2026-02-11,428.2699890136719,436.3500061035156,420.0299987792969,427.9599914550781,57362000,417.5869964599609,444.4456005859375,0.00719643851293883,0.026783637123984107,TSLA
2026-02-12,417.07000732421875,436.2300109863281,414.0,430.29998779296875,61933400,417.63799743652345,444.18420043945315,-0.02615168463063977,0.025706841586807683,TSLA
2026-02-13,417.44000244140625,424.05999755859375,410.8800048828125,414.30999755859375,51434100,416.34099731445315,443.94820068359377,0.0008871295242764976,0.02301051261817925,TSLA
2026-02-17,410.6300048828125,413.7200012207031,400.510009765625,412.3599853515625,59678800,415.222998046875,443.2260009765625,-0.016313715788533356,0.022734120263466998,TSLA
2026-02-18,411.32000732421875,416.8999938964844,409.5799865722656,411.1099853515625,45921400,414.15899963378905,442.36180114746094,0.0016803507615161806,0.022756131013575747,TSLA
2026-02-19,411.7099914550781,415.25,404.1099853515625,407.25,51019600,414.7289978027344,441.4960009765625,0.0009481282794785439,0.019038169887098152,TSLA
2026-02-20,411.82000732421875,414.70001220703125,405.5,408.29998779296875,57912200,416.18999938964845,440.94080139160155,0.00026721690370390405,0.017242886593018137,TSLA
2026-02-23,399.8299865722656,407.70001220703125,394.0400085449219,407.2900085449219,69680000,415.06199951171874,440.0340008544922,-0.02911471161845125,0.016224163399022464,TSLA
2026-02-24,409.3800048828125,410.82000732421875,397.6400146484375,399.5,58579500,414.26799926757815,439.19260070800783,0.023885197787236967,0.01748115893819725,TSLA
2026-02-25,417.3999938964844,420.3399963378906,412.1499938964844,412.1499938964844,54809700,413.48699951171875,438.60280029296877,0.019590573349979934,0.017572233251158427,TSLA
2026-02-26,408.5799865722656,416.80999755859375,403.6600036621094,414.4200134277344,53602500,411.51799926757815,437.5952001953125,-0.021130827631028026,0.01824679228722877,TSLA
2026-02-27,402.510009765625,407.1199951171875,398.1099853515625,402.94000244140625,56890100,410.06199951171874,436.13920043945313,-0.014856275407819197,0.017072489582776733,TSLA
2026-03-02,403.32000732421875,404.5400085449219,388.25,390.6000061035156,55088300,408.65,434.40800048828123,0.0020123662491409178,0.01710767220875004,TSLA
2026-03-03,392.42999267578125,396.3399963378906,385.3900146484375,395.0899963378906,62617300,406.8299987792969,432.91140014648437,-0.027000928420799375,0.01830282262037339,TSLA
2026-03-04,405.94000244140625,408.3299865722656,394.5799865722656,397.8500061035156,68305500,406.2919982910156,431.36280029296876,0.03442654745501761,0.022051449177921213,TSLA
2026-03-05,405.54998779296875,408.6199951171875,399.4200134277344,401.57000732421875,51925900,405.6759979248047,429.8497998046875,-0.0009607691927178141,0.022040034991974555,TSLA
2026-03-06,396.7300109863281,402.3500061035156,394.2099914550781,398.0899963378906,64054600,404.1669982910156,428.0097998046875,-0.021748186591348584,0.022948236260918995,TSLA
2026-03-09,398.67999267578125,401.5899963378906,381.3999938964844,390.04998779296875,67018900,404.0519989013672,426.27219970703123,0.004915135319874642,0.021181205009398563,TSLA
2026-03-10,399.239990234375,406.5899963378906,398.19000244140625,402.2200012207031,59258700,403.0379974365234,424.54899963378904,0.0014046291985592152,0.019478834218138466,TSLA
2026-03-11,407.82000732421875,416.3800048828125,402.1499938964844,402.2799987792969,62559900,402.0799987792969,423.2015997314453,0.02149087591352461,0.019724222173751325,TSLA
2026-03-12,395.010009765625,406.5,394.6499938964844,405.17999267578125,60973800,400.72300109863284,421.90899963378905,-0.03141091003024221,0.021047231463381163,TSLA
2026-03-13,391.20001220703125,400.20001220703125,389.95001220703125,399.1700134277344,58504100,399.5920013427734,420.64440002441404,-0.009645319015724074,0.020788745789957985,TSLA
2026-03-16,395.55999755859375,403.7300109863281,394.4200134277344,396.2200012207031,58068300,398.8160003662109,419.5611999511719,0.011145156481373375,0.02121269459393895,TSLA
2026-03-17,399.2699890136719,400.1199951171875,393.0,395.69000244140625,46890500,399.5,418.78519958496094,0.00937908655570907,0.019444669769332013,TSLA
2026-03-18,392.7799987792969,403.07000732421875,392.30999755859375,399.0,50853100,398.1839996337891,417.6073992919922,-0.016254640751756533,0.016389613917014344,TSLA
2026-03-19,380.29998779296875,387.2699890136719,378.7300109863281,387.2699890136719,67078300,395.65899963378905,416.55419921875,-0.03177353995904619,0.018666687224345266,TSLA
2026-03-20,367.9599914550781,379.8900146484375,364.4599914550781,379.8500061035156,78628600,392.78199768066406,415.2851989746094,-0.03244805872728129,0.019918465940621792,TSLA
2026-03-23,380.8500061035156,385.3299865722656,372.7300109863281,373.0899963378906,74606000,390.9989990234375,414.18619934082034,0.035031022251806876,0.023860490140895897,TSLA
2026-03-24,383.0299987792969,387.4800109863281,376.30999755859375,376.55999755859375,59818700,389.3779998779297,412.94659912109375,0.005724019012326664,0.02401400039578252,TSLA
2026-03-25,388.7200012207031,396.2200012207031,387.6000061035156,389.989990234375,35536344,387.46799926757814,411.74179931640623,0.0148552396928181,0.02331671944650446,TSLA
2025-06-04,461.1908874511719,463.00038321907994,460.3457906064832,461.3201414833542,14162700,455.7037689208984,410.5415362548828,0.0019439789824053921,0.010023050705560456,MSFT
2025-06-05,464.9788818359375,466.93750520910584,461.3499686746429,462.2745901279283,20131700,457.20603942871094,411.9979577636719,0.008213506571433937,0.008994191367144768,MSFT
2025-06-06,467.663330078125,470.6062261334739,466.07256479314685,467.37499647452495,15285600,458.74907836914065,413.61107971191404,0.0057732691678127335,0.009012283644573434,MSFT
2025-06-09,470.0196228027344,470.69568816704816,465.9134708467471,466.98725027602023,16469900,460.9930450439453,415.2592199707031,0.005038438066580442,0.007622242442058432,MSFT
2025-06-10,468.2002258300781,470.06934244703956,464.26307487233004,468.4686555284736,15375900,462.01014099121096,417.1047833251953,-0.0038708957762383367,0.004559433668502451,MSFT
2025-06-11,469.8903503417969,472.72389606625393,466.9474544926898,467.30536072753216,16399200,463.52732849121094,419.05183044433596,0.0036098327563218735,0.003131709730743781,MSFT
2025-06-12,476.104248046875,477.6453141185156,470.7851412769109,472.2764779222473,18950600,465.5346649169922,420.9881884765625,0.013224144102040203,0.0044229992816705865,MSFT
2025-06-13,472.2168273925781,476.4124557062983,470.0295518485209,473.6584649544854,16814500,466.9862335205078,422.84779052734376,-0.008165061896095782,0.005940968184434024,MSFT
2025-06-16,476.3727111816406,477.91374692205306,472.25660744971805,472.4653860858625,15626100,468.6933166503906,424.9697381591797,0.008800795626047186,0.006206889190471714,MSFT
2025-06-17,475.279052734375,475.97499162724574,471.3419021646973,472.65428568792316,15414100,470.1916137695313,427.33319580078125,-0.0022958041499749893,0.006481541294305168,MSFT
2025-06-18,477.4663391113281,478.2219594008936,471.71972301658775,475.2392860574369,17526500,471.81915893554685,429.7796990966797,0.0046021097802841915,0.006477571943754083,MSFT
2025-06-20,474.64276123046875,480.667759158903,474.1158234691147,479.44488246554124,37576200,472.785546875,432.2352294921875,-0.0059136689847386625,0.006862749037401721,MSFT
2025-06-23,483.1930847167969,484.932977511559,469.7810065395394,475.44806772339973,24864000,474.33852233886716,434.1486260986328,0.018014229194525555,0.00849276488618939,MSFT
2025-06-24,487.2793273925781,489.009298556199,483.9884469122188,486.1260537385937,22305600,476.0644927978516,436.3251586914063,0.008456749082359494,0.008637867185154892,MSFT
2025-06-25,489.4268798828125,491.7036624656625,486.56353883181055,489.1982276680394,17495100,478.187158203125,438.4037200927734,0.004407230862277567,0.008224176656500003,MSFT
2025-06-26,494.57696533203125,495.1635541172166,489.9637493151316,490.13278082199906,21578900,480.65581970214845,440.5979864501953,0.010522686147626192,0.008431383376391955,MSFT
2025-06-27,493.07568359375,496.4162632322767,490.1824867596744,494.6763704185467,34539200,482.35296325683595,442.8035113525391,-0.003035486574416879,0.008270870815937631,MSFT
2025-06-30,494.5372009277344,497.86785899517616,492.4691970236715,494.1693427257206,28369000,484.5850006103516,445.3185211181641,0.0029640831673793944,0.007200439819855802,MSFT
2025-07-01,489.2080993652344,495.1734457101395,488.1443023264632,493.60258452282886,19945400,485.86853942871096,447.8029669189453,-0.010775936678783293,0.008492561004290355,MSFT
2025-07-02,488.2536926269531,490.6497772469701,485.87751191483574,487.1600396387865,16319600,487.16600341796874,450.44020874023437,-0.0019509217846548355,0.008470715325680493,MSFT
2025-07-03,495.9589538574219,497.2415119784696,490.59014753996934,490.9580057562307,13984800,489.0152648925781,453.0787255859375,0.015781265655180343,0.009428859405976153,MSFT
2025-07-07,494.84539794921875,495.8694479262707,492.36978876052433,494.50736527479916,13981600,491.0355285644531,455.54472106933594,-0.0022452582003857913,0.009071503401376637,MSFT
2025-07-08,493.7517395019531,495.3226311177228,491.25622643335066,494.36815380384166,11846600,492.0913940429688,457.73260620117185,-0.002210101279708887,0.007821227988790319,MSFT
2025-07-09,500.6019592285156,503.8530622357068,496.85371365827956,497.41047691930333,18659500,493.4236572265625,459.96718627929687,0.013873813859313744,0.008464526398528223,MSFT
2025-07-10,498.58367919921875,501.52657502305914,494.87521114411277,500.14458849842043,16492100,494.33933715820314,462.1750964355469,-0.004031706213070474,0.00869656905934936,MSFT
2025-07-11,500.41302490234375,502.1131401056752,494.9248868769196,495.59103056526646,16459500,494.9229431152344,464.36243103027346,0.003669084607950124,0.008196253493020627,MSFT
2025-07-14,500.1147766113281,501.05930198422453,498.1362796464767,498.6234399223271,12058800,495.62685241699216,466.5195849609375,-0.0005960042528345699,0.008091692386030887,MSFT
2025-07-15,502.89862060546875,505.36427783294863,499.88612172349406,500.11477392946824,14927200,496.46299438476564,468.13419677734373,0.005566410200881,0.00818715681085209,MSFT
2025-07-16,502.69976806640625,503.793421043838,498.99133023831314,502.2623068754336,15154400,497.8121612548828,469.5487329101563,-0.0003954127748910796,0.0070005129294153454,MSFT
2025-07-17,508.7446594238281,510.40499725185873,502.6997578215743,502.75940886082554,17503100,499.8612579345703,471.0665014648437,0.012024854080743053,0.0073451812574908786,MSFT
2025-07-18,507.1041564941406,511.66767331118785,504.4992933518648,511.5085634207008,21209700,500.9757781982422,472.6082257080078,-0.003224609633338371,0.006397062744439374,MSFT
2025-07-21,507.1141357421875,509.1324405638626,502.6301736290422,503.7834776665751,14066800,502.20265197753906,474.14935546875,1.9678892233532252e-05,0.006259099349506126,MSFT
2025-07-22,502.3517761230469,508.2475501614973,502.3517761230469,508.01886761548803,13868600,503.0626556396484,475.49956970214845,-0.009391100116289741,0.007197274650158042,MSFT
2025-07-23,502.94830322265625,503.8630030405687,497.80817995491657,503.8232255681408,16396600,503.2972900390625,476.85059997558596,0.001187468877313691,0.0058068942393295735,MSFT
2025-07-24,507.9294128417969,510.703277326071,504.37007217269974,505.83158338819493,16107000,504.2318634033203,478.0922534179688,0.009903820307622047,0.006257735692672865,MSFT
2025-07-25,510.74310302734375,515.2966076642933,507.41241445610984,509.51021364184703,19125700,505.26487121582034,479.39256164550784,0.005539529931540388,0.006344623087196734,MSFT
2025-07-28,509.5400390625,512.0256002286585,507.17377997770546,511.110930710653,14308000,506.2073974609375,480.5933868408203,-0.0023555168101395685,0.006450092239279564,MSFT
2025-07-29,509.6096496582031,514.6304711522027,508.60547322287385,512.5525759685828,16469200,506.8785003662109,481.7753210449219,0.0001366145746488634,0.006333476261843913,MSFT
2025-07-30,510.2757568359375,512.9701269930791,506.49771598970693,512.1946027794743,26380400,507.63609924316404,482.9479095458984,0.001307092944925925,0.006304323321067082,MSFT
2025-07-31,530.4187622070312,552.2420017670738,528.8280273057109,552.0232408256204,51617300,509.8035095214844,484.4318896484375,0.03947474498101644,0.013386759148596685,MSFT
2025-08-01,521.0829467773438,532.7054326872741,517.8517174087783,531.9100652869249,28977600,511.2013885498047,485.7430718994141,-0.017600839364810383,0.014959391916337788,MSFT
2025-08-04,532.54638671875,535.141297909759,525.0797515616827,525.218957545317,25349000,513.7446136474609,487.39487609863284,0.021999261369619383,0.01607499174204436,MSFT
2025-08-05,524.701904296875,534.196734767709,524.194840165689,534.077432699505,19171600,515.9796264648437,488.84425537109377,-0.01473013922826194,0.016683947855399006,MSFT
2025-08-06,521.908203125,528.6291703469228,521.0034855448089,527.8338028961505,21355700,517.8756164550781,490.3308203125,-0.005324358743501567,0.016951932499688887,MSFT
2025-08-07,517.8318481445312,525.0399748350125,514.56081112672,523.7573865594029,16079100,518.8658599853516,491.52687194824216,-0.007810482678871522,0.017171423020700117,MSFT
2025-08-08,519.0249633789062,521.629826851029,516.4101479520375,519.5817267008259,15531000,519.6940460205078,492.81300170898436,0.0023040592011676075,0.017129081059418055,MSFT
2025-08-11,518.7565307617188,524.5429245664681,516.7183220142601,519.2834381856256,20194400,520.6156951904297,494.0675146484375,-0.0005171863323104597,0.017090063023647864,MSFT
2025-08-12,526.183349609375,527.9132904806338,519.6811434112465,520.7250669698358,18667000,522.2730651855469,495.4371588134766,0.014316578986969253,0.017508442132453894,MSFT
2025-08-13,517.5733642578125,529.6233593434064,516.3703308668756,529.0367402367135,19619200,523.0028259277344,496.60258850097654,-0.01636308970619149,0.01859459780286058,MSFT
2025-08-14,519.4623413085938,522.9123315064297,517.1358902118243,519.5418962511537,20269100,521.9071838378907,497.7859136962891,0.0036496797965830385,0.01312923499511071,MSFT
2025-08-15,517.1657104492188,523.0614541020369,516.0820397908819,519.7507304052322,25213300,521.5154602050782,498.90541015625,-0.004421169114183443,0.012003233347666462,MSFT
2025-08-18,514.1134033203125,519.8003983365775,511.0512359172718,518.5775217659684,23760600,519.6721618652343,499.8881005859375,-0.005901990536563151,0.00901375721915094,MSFT
2025-08-19,506.8258056640625,512.1846598699071,505.61285057663105,512.0256106523992,21481000,517.8845520019531,500.6713500976563,-0.014175078123200624,0.00893817291713466,MSFT
2025-08-20,502.7991943359375,508.0486982628479,501.52658824278717,506.925219770199,27723000,515.9736511230469,501.32694152832033,-0.007944763828371282,0.009037920815844633,MSFT
2025-08-21,502.15185546875,505.5278315490841,500.6381609615915,501.6041452591809,18443300,514.4056518554687,502.00597412109374,-0.001287469977040212,0.008942080446295306,MSFT
2025-08-22,505.1295166015625,508.6150227226763,500.32946944945456,502.1618461633245,24324200,513.0161071777344,502.71075744628905,0.005929802111420912,0.00925075256405561,MSFT
2025-08-25,502.17181396484375,506.0855321115255,502.0323791323648,504.5319946732823,21638600,511.3576354980469,503.23210876464844,-0.005855335195253941,0.009266632477873711,MSFT
2025-08-26,499.96099853515625,502.88882606141556,496.4456179190968,502.2713680297872,30835700,508.735400390625,503.7869921875,-0.00440250800265396,0.006929899428896637,MSFT
2025-08-27,504.6415100097656,505.1892506185915,497.82983904056124,499.9211487290224,17277900,507.4422149658203,504.3523681640625,0.00936175319339494,0.007048612669995835,MSFT
2025-08-28,507.5295104980469,508.9734875719172,503.4066403395377,504.9900522378754,18015600,506.2489318847656,504.99737731933595,0.005722875409566175,0.007276547491892501,MSFT
2025-08-29,504.59173583984375,507.4896888132377,502.40083415821226,506.5535790393771,20961600,504.9915344238281,505.5398852539063,-0.005788381951071675,0.007333507232455237,MSFT
2025-09-02,503.0282287597656,503.90458943006223,494.75264396148896,498.3974910813857,18128000,503.8830169677734,506.1075946044922,-0.0030985586346867766,0.007239186009700738,MSFT
2025-09-03,503.2572937011719,505.68719181229375,500.2398424947412,501.70375627159575,16345100,503.5261657714844,506.5088787841797,0.00045537194199019027,0.005892961810476736,MSFT
2025-09-04,505.866455078125,506.04570238922344,501.0664078062513,502.2116394820944,15509500,503.8328918457031,506.8806213378906,0.005184547565648234,0.005549802445380648,MSFT
2025-09-05,492.9501647949219,509.8498918622262,490.3310509759443,506.9619070760115,31994800,502.9127227783203,506.95108703613283,-0.025533004123011738,0.009993700810948906,MSFT
2025-09-08,496.13690185546875,499.1244784694731,492.9800158612091,496.04724781279185,16771000,502.0134613037109,506.98228576660154,0.006464623177218298,0.010040996864548138,MSFT
2025-09-09,496.3460388183594,500.17013335375145,495.6389875077243,499.3535217605099,14410500,501.4308837890625,507.0476928710938,0.00042153075513740035,0.009951561217844124,MSFT
2025-09-10,498.29791259765625,501.1460848531792,494.6630336933239,500.8971201283455,21611800,501.2645751953125,507.1229071044922,0.003932485859952983,0.009995150305750924,MSFT
2025-09-11,498.9352722167969,501.08633106619584,495.8182290284252,500.17012751524385,18881600,500.69395141601564,507.31745056152346,0.0012790734278176341,0.009439500461514259,MSFT
2025-09-12,507.7884521484375,510.42747218178897,501.7635178992086,504.55191069082485,23624900,500.7198455810547,507.7081457519531,0.01774414523211698,0.011034990226761101,MSFT
2025-09-15,513.225830078125,513.3353599697668,504.9004642300766,506.68306017742736,17143800,501.5832550048828,508.05348327636716,0.010707959006712509,0.01128606764038783,MSFT
2025-09-16,506.9320068359375,515.0880630075219,506.4938265025834,514.7395367165727,19711900,501.9736328125,508.29521545410154,-0.012263262823754228,0.012069006995791519,MSFT
2025-09-17,507.9079284667969,509.1726886784055,503.8348693472275,508.5054498653079,15816600,502.4386962890625,508.5783392333984,0.0019251529153794245,0.01207276034349909,MSFT
2025-09-18,506.3444519042969,510.9453149965379,505.55771489166153,509.37184097126715,18913700,502.4864959716797,508.69318908691406,-0.003078267683711111,0.012036206082920022,MSFT
2025-09-19,515.78515625,517.1494779837726,508.1967168320822,508.44568153944795,52474100,504.7699951171875,509.0372186279297,0.018644826284158533,0.009370276491432216,MSFT
2025-09-22,512.319580078125,515.5959337012963,510.4174557013089,513.4548737162081,20009300,506.3882629394531,509.2753497314453,-0.006719030452662422,0.009982745334784337,MSFT
2025-09-23,507.1212463378906,512.4590659268906,505.2091838485409,511.67229848312854,19799600,507.4657836914063,509.41547912597656,-0.010146662244378102,0.01083922130834985,MSFT
2025-09-24,508.0373840332031,510.35772177145367,504.82077941210207,508.26644250853604,13533700,508.4397308349609,509.51825439453125,0.0018065456770510746,0.010822358734943043,MSFT
2025-09-25,504.9303283691406,507.89799878212006,502.94857891661616,506.1950582100621,15786500,509.0392364501953,509.56286560058595,-0.006115801241625585,0.011124756807629924,MSFT
2025-09-26,509.34197998046875,511.8117209714621,504.52202659403474,507.94778361103766,16213100,509.19458923339846,509.57481201171873,0.008737149193587035,0.009942836622145183,MSFT
2025-09-29,512.4689331054688,514.7096154882738,506.77264973451184,509.3817950243417,17617800,509.1188995361328,509.68210754394534,0.0061392016521393256,0.009509521054035207,MSFT
2025-09-30,515.8051147460938,516.0142062084105,507.54943619028296,511.11459757878936,19728200,510.00621032714844,509.8559271240234,0.006510017339799168,0.008657983228892859,MSFT
2025-10-01,517.557861328125,518.3545363078492,509.5710533372991,512.6681599915194,22632300,510.97120361328126,510.160048828125,0.003398079103759999,0.008673425299509213,MSFT
2025-10-02,513.604248046875,519.439966484546,508.5652045551738,515.496404228155,21222900,511.6971832275391,510.3731677246094,-0.007638978318490808,0.009075879495156456,MSFT
2025-10-03,515.20751953125,518.3345307125708,512.8672756929882,514.9585548343116,15112300,511.63941955566406,510.51872985839844,0.003121608690878075,0.006869721044141404,MSFT
2025-10-06,526.3811645507812,528.8309994124726,516.0541122577388,516.4623876768178,21388600,513.0455780029297,510.8314910888672,0.02168765904212222,0.00927607860373423,MSFT
2025-10-07,521.8101196289062,527.6060256392368,519.2806599401652,526.1022689962125,14615200,514.5144653320312,511.0768927001953,-0.008683906700529431,0.009059110907504882,MSFT
2025-10-08,522.676513671875,524.7678538085896,520.923853084141,521.1130687043808,13363400,515.9783782958984,511.3382299804687,0.001660362669058335,0.009061182237594877,MSFT
2025-10-09,520.2366943359375,522.158694647609,515.2574000210162,520.1769452354545,18343600,517.5090148925781,511.5374487304687,-0.004667933745094888,0.008911777393168212,MSFT
2025-10-10,508.84405517578125,521.4118200258811,507.5195762105422,517.4881335274953,24133800,517.4592224121094,511.10595458984375,-0.02189895346520787,0.011592990968845652,MSFT
2025-10-13,511.9212341308594,514.2714464494894,509.56105349845876,514.2714464494894,14284200,517.4044525146485,510.92272033691404,0.006047390990968848,0.011587591103225709,MSFT
2025-10-14,511.4432373046875,513.1461778212379,503.9045785101632,508.11707238992415,14684300,516.9682647705079,510.5006573486328,-0.0009337311959395356,0.011356394395739947,MSFT
2025-10-15,511.3038024902344,515.0482414945574,507.888013925759,512.8274957075639,14694700,516.3428588867188,510.2326953125,-0.00027263008733469096,0.011264907794432562,MSFT
2025-10-16,509.4913330078125,514.7096236704256,506.02576365101777,510.4573477017149,15559600,515.9315673828125,509.98435791015623,-0.0035447995371724605,0.0110760005999053,MSFT
2025-10-17,511.4532470703125,513.3453425707617,505.2091921192977,506.93203901166436,19867800,515.5561401367188,509.8567858886719,0.0038507309847994886,0.01110666524770594,MSFT
2025-10-20,514.6498413085938,516.5519656323323,511.30377036778043,512.4788764440519,14665600,514.3830078125,509.76928344726565,0.006250022375636322,0.008394704199986216,MSFT
2025-10-21,515.5162963867188,516.5420602391357,510.91543308707116,515.3569857054445,15586200,513.7536254882813,509.7044787597656,0.0016835817454483593,0.008144072965683652,MSFT
2025-10-22,518.3843994140625,523.0549803520576,515.5661623300699,518.9919195722497,18962700,513.3244140625,509.5484997558594,0.005563554532507453,0.008385423609524283,MSFT
2025-10-23,518.404296875,521.7802730707533,516.4623598997719,520.2964530626382,14023500,513.1411743164062,509.56511840820315,3.838360290164822e-05,0.008275078375512933,MSFT
2025-10-24,521.441650390625,523.1744351060786,518.5536961256696,520.6250388201142,15532400,514.4009338378906,509.6047045898438,0.00585904386582925,0.0035254996817601337,MSFT
2025-10-27,529.3189697265625,532.3662956890146,526.819354031342,529.577902779321,18734700,516.1407073974609,509.84776977539065,0.015106808844357555,0.00527923959404004,MSFT
2025-10-28,539.8252563476562,551.4269763883988,538.5306518978505,547.7224103521172,29986700,518.9789093017578,510.3620068359375,0.01984868712814336,0.007157584238315515,MSFT
2025-10-29,539.307373046875,544.0078586434945,534.507325873603,542.6833492925585,36023000,521.7792663574219,511.01163818359373,-0.0009593535958009047,0.007221474549137026,MSFT
2025-10-30,523.582763671875,532.7545848667123,519.9578228356851,528.2831883129468,41023100,523.1884094238281,511.4273095703125,-0.02915704505607286,0.012980218369098278,MSFT
2025-10-31,515.6656494140625,527.1279940743384,512.9668501497666,526.6898137654194,34006400,523.6096496582031,511.69758544921876,-0.01512103683912347,0.014145127338182012,MSFT
2025-11-03,514.888916015625,522.7860691817526,512.4590180581705,517.657371934483,22374700,523.6335571289062,511.8927734375,-0.0015062732980567484,0.014032057702517387,MSFT
2025-11-04,512.2001342773438,513.4150529816625,505.73698923396887,509.6407695643784,20958700,523.3019409179688,512.09333984375,-0.005222061797499733,0.014117080970538258,MSFT
2025-11-05,505.0597839355469,512.6980347767452,504.4821687767013,511.17434154282535,23024300,521.9694793701171,512.1953155517579,-0.013940547578869977,0.01451943414129567,MSFT
2025-11-06,495.04144287109375,503.6058351018555,493.75677643867937,503.5659922381216,27406500,519.6331939697266,512.0033142089844,-0.019835950877711617,0.015462162984896045,MSFT
2025-11-07,494.7626037597656,497.31199999791255,491.2073803526309,494.89207027354036,24019800,516.9652893066407,511.74797607421874,-0.0005632641778654524,0.01511387398556394,MSFT
2025-11-10,503.9045715332031,504.7510576229119,496.73437575016374,497.9692613740871,26101500,514.4238494873047,511.73423278808593,0.01847748335053323,0.015643760228563657,MSFT
2025-11-11,506.573486328125,507.48968986721945,500.26971300797675,502.70954902224156,17980000,511.0986724853516,511.8051379394531,0.005296468707956636,0.013645550221022944,MSFT
2025-11-12,509.0233154296875,509.5511194130969,497.05307240824305,507.2506574723947,26574900,508.0702667236328,511.92045837402344,0.0048360784124728,0.014013475517765538,MSFT
2025-11-13,501.205810546875,511.3735209246628,499.2140928412288,508.1967287528611,25273100,505.8325714111328,511.8272454833984,-0.015357852274828332,0.011975292409810902,MSFT
2025-11-14,508.0672607421875,509.4813936811572,495.3800287197931,496.166765720741,28505700,505.07273254394534,512.1295874023438,0.013689885573804128,0.012533686188967044,MSFT
2025-11-17,505.3883972167969,509.9992285471841,502.8190947602184,506.34444359286346,19092800,504.1226806640625,512.3146173095703,-0.005272655280872285,0.012593262169071853,MSFT
2025-11-18,491.74517822265625,500.89712400975867,484.76419755903834,493.31862192366924,33815100,502.0771850585937,512.2226000976563,-0.02699551289518043,0.01492006780445976,MSFT
2025-11-19,485.1027526855469,493.13934080841636,480.8305097576304,488.0704229659532,23245300,500.08148193359375,511.95869689941406,-0.013507861045262248,0.014888523202510696,MSFT
2025-11-20,477.3404846191406,492.4460215630244,474.41716428973194,491.5879641710541,26802500,498.31138610839844,511.52680114746096,-0.016001286373730217,0.014476832367246806,MSFT
2025-11-21,471.04486083984375,477.8293938228302,467.20362215472323,477.4103368698009,31769200,495.9396118164062,510.79192932128905,-0.01318895836861611,0.014736622754467809,MSFT
2025-11-24,472.92059326171875,475.8139832068258,466.9542001322548,473.9183160323131,34421000,492.8412139892578,509.98582458496094,0.003982067479795237,0.012774601687467302,MSFT
2025-11-25,475.90374755859375,478.0588322743821,463.8313270788984,472.9904142849383,28019800,489.7742401123047,509.3652593994141,0.006307939090366643,0.012879771357691333,MSFT
2025-11-26,484.3943786621094,487.1979770584782,480.10418316215106,485.2025316262965,25709100,487.31134643554685,508.8949884033203,0.01784106796189966,0.014647647716723208,MSFT
2025-11-28,490.88958740234375,491.5081706450152,485.54177754838196,486.48962635446395,14386700,486.27972412109375,508.58589111328126,0.013408926747197292,0.015170223603370173,MSFT
2025-12-01,485.6315612792969,488.7444513856018,483.5463243869077,487.32770213243884,23964000,484.03615417480466,507.9828192138672,-0.01071121950431042,0.01430881270708908,MSFT
2025-12-02,488.8841552734375,492.3761849539621,485.2125428025972,485.6116258193264,19562700,482.38572998046874,507.51411071777346,0.006697657758429676,0.014723661590729723,MSFT
2025-12-03,476.64208984375,483.13724409881166,474.1178525596479,475.23529714339696,34615100,480.87542114257815,506.90452758789064,-0.02504083083412756,0.014381912373016528,MSFT
2025-12-04,479.7449951171875,480.2239129901724,475.40489514051177,478.6674679630734,22318200,480.3396453857422,506.3386798095703,0.006509927133071081,0.014151394756000028,MSFT
2025-12-05,482.0597229003906,482.299166614698,477.78947078944657,481.4211657314621,22608700,480.8115692138672,505.88126770019534,0.004824912832363637,0.013202216692963013,MSFT
2025-12-08,489.9018249511719,491.17890888246444,483.2769615726175,483.7858099301447,21965900,482.697265625,505.4924645996094,0.01626790556904023,0.012952812235617055,MSFT
2025-12-09,490.8995361328125,490.99931449735556,487.3875630167038,487.9862027558801,14696100,484.4951599121094,505.06107666015623,0.0020365533068591457,0.012967861046041494,MSFT
2025-12-10,477.4701843261719,483.14722906115725,473.99809828560024,482.92772884397027,35756200,484.6518035888672,504.2943780517578,-0.027356619467261645,0.016212359614270585,MSFT
2025-12-11,482.3690185546875,484.92318635563356,474.7763326037194,475.5445986070271,24669200,484.449267578125,503.5906011962891,0.010259979343901993,0.015468863593256646,MSFT
2025-12-12,477.4402770996094,481.3513637649093,475.2552617920193,478.72734800157895,21248100,483.1043365478516,502.86732177734376,-0.010217781958397731,0.014935756719431545,MSFT
2025-12-15,473.73870849609375,479.6252664455081,471.44392797474177,479.0066832317436,23727700,481.91505126953126,502.03794555664064,-0.007752945826024926,0.014787415486943898,MSFT
2025-12-16,475.3051452636719,476.80172935648005,469.8076832860371,470.8353364785088,20705600,480.55715026855466,501.01642517089846,0.003306541643073313,0.014593801324638035,MSFT
2025-12-17,475.0357360839844,478.9069051052783,473.9182915104317,475.8239455574328,24527200,480.3965148925781,500.0809375,-0.0005668130933824678,0.012306935963485458,MSFT
2025-12-18,482.87786865234375,488.4850656489584,476.8017407441929,477.10104539067044,28573500,480.7098022460938,499.2849645996094,0.01650851077648796,0.013286068660567505,MSFT
2025-12-19,484.8134460449219,486.73904362092316,481.39123391446003,486.2501387748106,70836100,480.98517456054685,498.57649963378907,0.004008420178750471,0.013260598773584016,MSFT
2025-12-22,483.81573486328125,487.6170561484318,481.5908021440126,485.01298390813173,16963000,480.37656555175784,498.07593322753905,-0.0020579280335145667,0.012075681232662866,MSFT
2025-12-23,485.7413330078125,486.71908182827985,483.63612214595605,483.8755963136496,14683600,479.8607452392578,497.5523352050781,0.003980023810253641,0.012148676601021695,MSFT
2025-12-24,486.90863037109375,488.04604888584674,483.7258924615979,484.5739628623746,5855900,480.80458984375,497.06164306640625,0.0024031254578502637,0.00785985402591354,MSFT
2025-12-26,486.599365234375,487.00843522519267,484.85335038112265,485.601642461088,8842200,481.2276245117188,496.56755432128904,-0.000635160515604416,0.007322426331167361,MSFT
2025-12-29,485.9907531738281,487.23790659993216,483.0773893732932,483.7558335295542,10893400,482.0826721191406,496.09754272460935,-0.001250745693541444,0.006285647311647456,MSFT
2025-12-30,486.3699035644531,488.56487537463653,484.39440153201394,484.82341501264875,13944500,483.3457916259766,495.5958758544922,0.0007801596803003186,0.005356008037891494,MSFT
2025-12-31,482.5186767578125,487.0284031238816,482.1993981667827,486.7290680267604,15601600,484.0671447753906,494.95325256347655,-0.007918308222643278,0.006296261564929822,MSFT
2026-01-02,471.8630065917969,483.5563186075122,469.0893385249197,483.2869444224563,25571600,483.7498718261719,494.08018676757814,-0.022083435687120456,0.00979499737956051,MSFT
2026-01-05,471.773193359375,474.9858617296903,468.4308161640092,472.98042932285466,25250300,482.639404296875,493.14796264648436,-0.0001903375156925291,0.007761537099277798,MSFT
2026-01-06,477.4203186035156,477.64977534720424,468.68025764779384,472.72102257015473,23037700,481.90009155273435,492.3282830810547,0.011970000253572977,0.008816740159135025,MSFT
2026-01-07,482.3690185546875,488.5848422406915,476.86159994291296,478.6674756822987,25564200,481.755419921875,491.5468304443359,0.010365499243197629,0.009572328601069113,MSFT
2026-01-08,477.0212097167969,481.5608665012806,474.7763335277468,480.14408679814625,18162600,480.88340759277344,490.5008752441406,-0.011086551233978836,0.010007021172027772,MSFT
2026-01-09,478.1885681152344,478.72734693664125,471.1247042989064,472.9804540365218,18491000,480.0114013671875,489.2681414794922,0.0024471834263524173,0.010009069456687439,MSFT
2026-01-12,476.09332275390625,479.89464390147504,474.59673866594744,475.5845048686955,23519900,478.96079711914064,488.0038604736328,-0.00438162996992264,0.010032370097696246,MSFT
2026-01-13,469.5981750488281,474.6965236309785,464.888922501957,473.5990225282599,28545800,477.3215393066406,486.9241687011719,-0.013642593572847694,0.01065691016712923,MSFT
2026-01-14,458.3338928222656,467.13381499707015,456.1289340170423,465.39775666549855,28184300,474.5179382324219,485.77753356933596,-0.023987065591537404,0.01233075390637633,MSFT
2026-01-15,455.6200866699219,463.1927988881192,454.8618076165624,463.0630900555096,23225800,471.8280792236328,484.5921569824219,-0.005921024377300688,0.01230970055595196,MSFT
2026-01-16,458.8127746582031,462.13520850615447,455.4404972994736,456.78739866953146,34246700,470.52305603027344,483.52440979003904,0.007007346870100184,0.011398536593294848,MSFT
2026-01-20,453.48492431640625,455.7597309230742,448.2568669541529,450.1924514863621,26130000,468.69422912597656,482.49291259765624,-0.011612253703628728,0.011683159870375293,MSFT
2026-01-21,443.0986328125,451.65911099901973,437.68100562513575,451.56931960591265,37980500,465.262060546875,481.45405639648436,-0.022903278470751354,0.011629595868679222,MSFT
2026-01-22,450.1126403808594,451.8087507279656,443.6873036586902,446.600636936346,25349400,462.0364227294922,480.56105712890627,0.015829449808587803,0.012639990609999971,MSFT
2026-01-23,464.888916015625,470.0271819611143,449.50401819491054,450.8409629929935,38000200,460.823193359375,479.7807440185547,0.032827950848620446,0.017636059232275608,MSFT
2026-01-26,469.20904541015625,473.1700058760031,460.94790240319116,464.25036221183507,29291200,459.9252410888672,479.0334552001953,0.009292820813103786,0.01797614398635851,MSFT
2026-01-27,479.485595703125,481.7703893732875,472.0825097961169,472.62128861771004,29213900,460.26446838378905,478.44270080566406,0.02190185886971885,0.01941256018848787,MSFT
2026-01-28,480.533203125,482.63838346935967,476.9114647448887,482.10959164059926,36875400,461.35797119140625,478.02924865722656,0.0021848569201308177,0.018730234130299204,MSFT
2026-01-29,432.5128173828125,441.49232224197124,420.06122635013605,438.98802836564175,128855300,458.77586364746094,476.5181597900391,-0.09993146244609463,0.037066783617468194,MSFT
2026-01-30,429.31011962890625,438.5989157576861,425.47886802078926,438.1699022937122,58566800,456.1448669433594,474.99659423828126,-0.007404862064634643,0.037073260933782756,MSFT
2026-02-02,422.4058837890625,429.7590957240154,421.28843915961005,429.2602343395754,42219900,452.5041778564453,473.60980834960935,-0.01608216420757036,0.036941696440835954,MSFT
2026-02-03,410.2735595703125,421.0888704228976,407.6296003977664,421.0489834358989,61424100,448.18304138183595,472.1132244873047,-0.028721958392058156,0.037540078352126124,MSFT
2026-02-04,413.2467956542969,418.84400576689177,408.3080557741746,410.0640575889883,45012400,445.19785766601564,470.8313507080078,0.00724696002125591,0.037536955554541715,MSFT
2026-02-05,392.7735290527344,407.37018733348754,391.4265972483441,406.51216038211834,66289200,439.4639465332031,469.26592407226565,-0.04954246909318927,0.03892433203548353,MSFT
2026-02-06,400.22650146484375,400.87501513504304,392.0252195920243,398.2609865133262,53515300,432.997705078125,467.8120422363281,0.018975241101618856,0.03733313382262608,MSFT
2026-02-09,412.65814208984375,413.94521298339265,399.9571203178888,403.9280678877113,45480500,427.3426147460938,466.5471301269531,0.03106151286708836,0.0394314083510234,MSFT
2026-02-10,412.328857421875,422.7151545880433,411.76017861216997,418.66440278178237,44857900,420.62694091796874,465.10581970214844,-0.0007979599440377516,0.03788392578073425,MSFT
2026-02-11,403.4491271972656,415.51159110220135,400.096793508188,415.2322299614449,42491000,412.9185333251953,463.35701049804686,-0.02153555363583015,0.03747740809404755,MSFT
2026-02-12,400.9248962402344,405.2749831551046,397.1036315998776,404.07770370563327,40802400,409.7597412109375,461.66287719726563,-0.006256627631262779,0.023428585849125196,MSFT
2026-02-13,400.4060974121094,404.61648859375555,397.1435245648219,403.528974460687,34091600,406.8693389892578,459.89331604003905,-0.001294005019369382,0.0235052835118633,MSFT
2026-02-17,395.95623779296875,399.60790672873594,393.6315571718042,398.31087932693146,32078800,404.22437438964846,458.27959899902345,-0.011113366274641656,0.023336705548341816,MSFT
2026-02-18,398.69000244140625,401.6432531481791,395.41747315874426,397.2233488345012,23223400,403.06601867675784,456.6584991455078,0.006904209070364153,0.022208158142046207,MSFT
2026-02-19,398.4599914550781,404.42999267578125,396.6700134277344,400.69000244140625,28234000,401.58733825683595,454.98650451660154,-0.0005769168650320289,0.021957733739530836,MSFT
2026-02-20,397.2300109863281,400.1199951171875,395.1600036621094,396.1099853515625,34015200,402.0329864501953,453.1330682373047,-0.0030868355547025716,0.01489247127582815,MSFT
2026-02-23,384.4700012207031,395.3599853515625,383.1000061035156,395.0,43238300,400.45733642578125,451.0044775390625,-0.032122471647954565,0.01677385528061688,MSFT
2026-02-24,389.0,389.3599853515625,381.7099914550781,384.1400146484375,33884700,398.0915222167969,449.2350738525391,0.01178245055508631,0.012993268938213648,MSFT
2026-02-25,400.6000061035156,401.4700012207031,390.1600036621094,390.5299987792969,43625500,396.91863708496095,447.5996936035156,0.029820067104153303,0.017224150416001543,MSFT
2026-02-26,401.7200012207031,407.489990234375,398.739990234375,404.7099914550781,34405900,396.7457244873047,446.0852880859375,0.002795794059219592,0.015946429859643906,MSFT
2026-02-27,392.739990234375,396.82000732421875,389.8800048828125,390.8800048828125,51367200,395.92723388671874,444.46531372070314,-0.022353905603506474,0.017362485774888144,MSFT
2026-03-02,398.54998779296875,401.19000244140625,390.6300048828125,392.8599853515625,35474900,395.7416229248047,442.9302105712891,0.014793496213936663,0.018154632866515502,MSFT
2026-03-03,403.92999267578125,406.70001220703125,392.6700134277344,393.1400146484375,38199200,396.53899841308595,441.508095703125,0.013498946299321357,0.01819644919761973,MSFT
2026-03-04,405.20001220703125,411.0299987792969,400.30999755859375,401.2699890136719,35808000,397.18999938964845,439.95453857421876,0.0031441575378865494,0.018125902128083127,MSFT
2026-03-05,410.67999267578125,411.6099853515625,404.3999938964844,404.4200134277344,39001300,398.41199951171876,438.47186950683596,0.013524136978431578,0.018468343523688282,MSFT
2026-03-06,408.9599914550781,413.04998779296875,408.510009765625,409.20001220703125,31123900,399.5849975585937,436.97475463867187,-0.004188178755669236,0.018513094554907128,MSFT
2026-03-09,409.4100036621094,410.2099914550781,403.5,404.9200134277344,30131900,402.07899780273436,435.4481280517578,0.0011003819846291396,0.013903005899797084,MSFT
2026-03-10,405.760009765625,410.20001220703125,402.92999267578125,410.0299987792969,31706400,403.7549987792969,433.8251556396484,-0.008915253325116002,0.014537486888249272,MSFT
2026-03-11,404.8800048828125,409.010009765625,401.5899963378906,405.57000732421875,25512100,404.18299865722656,432.1907684326172,-0.002168781697636457,0.011506976696386442,MSFT
2026-03-12,401.8599853515625,406.1199951171875,401.7099914550781,404.6300048828125,27263900,404.1969970703125,430.5081530761719,-0.007459048347235875,0.011794694554231102,MSFT
2026-03-13,395.54998779296875,404.79998779296875,394.25,401.0,26848000,404.4779968261719,428.6917547607422,-0.015701980263283843,0.010504841545246378,MSFT
2026-03-16,399.95001220703125,400.6300048828125,394.7900085449219,398.07000732421875,27733700,404.6179992675781,427.0403814697266,0.011123813803188609,0.010012817820451178,MSFT
2026-03-17,399.4100036621094,404.3999938964844,397.75,400.2699890136719,26228300,404.16600036621094,425.5913214111328,-0.001350190094862036,0.008892041488120464,MSFT
2026-03-18,391.7900085449219,398.0,391.0,397.1300048828125,25908500,402.825,423.99165771484377,-0.019078127856892224,0.01037045766940001,MSFT
2026-03-19,389.0199890136719,392.489990234375,387.05999755859375,390.1000061035156,25138800,400.65899963378905,422.22365112304686,-0.007070163788856276,0.008538808070783657,MSFT
2026-03-20,381.8699951171875,387.0,380.1199951171875,386.7900085449219,50853200,397.95,420.2136706542969,-0.018379502592174246,0.009450990018799336,MSFT
2026-03-23,383.0,387.2099914550781,381.67999267578125,383.8999938964844,29680100,395.3089996337891,418.33324645996095,0.002959135038786531,0.009639804597864364,MSFT
2026-03-24,372.739990234375,382.4700012207031,371.8500061035156,382.3599853515625,42636600,392.0069976806641,416.2242749023437,-0.02678853724706265,0.011578046102479369,MSFT
2026-03-25,370.9800109863281,377.05999755859375,369.739990234375,376.9200134277344,16575624,388.61699829101565,414.1220086669922,-0.004721734437295622,0.011453065523679194,MSFT
2025-06-04,207.22999572753906,208.17999267578125,205.17999267578125,206.5500030517578,29915600,204.625,192.39119995117187,0.007388989179248462,0.01168015796781832,AMZN
2025-06-05,207.91000366210938,212.80999755859375,207.55999755859375,209.5500030517578,51864200,205.3040008544922,192.43519989013672,0.0032814165352026414,0.010227684959731238,AMZN
2025-06-06,213.57000732421875,213.8699951171875,210.5,212.39999389648438,39832500,206.3510009765625,192.68399993896483,0.027223334916139486,0.012641272268577612,AMZN
2025-06-09,216.97999572753906,217.85000610351562,212.8800048828125,214.75,38102500,207.95,192.9963998413086,0.015966607137600786,0.011768032233828253,AMZN
2025-06-10,217.61000061035156,217.69000244140625,214.14999389648438,216.77999877929688,31303300,209.10899963378907,193.49419982910158,0.0029035159702168745,0.010123049229283481,AMZN
2025-06-11,213.1999969482422,218.39999389648438,212.88999938964844,217.41000366210938,39326000,209.95699920654297,193.9529998779297,-0.020265629565462184,0.012596915200403198,AMZN
2025-06-12,213.24000549316406,213.5800018310547,211.3300018310547,211.77999877929688,27640000,210.71100006103515,194.37440002441406,0.00018765734284498237,0.012654426785545077,AMZN
2025-06-13,212.10000610351562,214.0500030517578,209.6199951171875,209.9600067138672,29337800,211.4200012207031,194.69620025634765,-0.0053460859139069505,0.012792333847554899,AMZN
2025-06-16,216.10000610351562,217.05999755859375,211.60000610351562,212.30999755859375,33284200,212.36500244140626,195.4500003051758,0.018859028217320217,0.013650841893941043,AMZN
2025-06-17,214.82000732421875,217.41000366210938,214.55999755859375,215.1999969482422,32086300,213.2760025024414,196.32640045166016,-0.005923177895162723,0.013759291690794859,AMZN
2025-06-18,212.52000427246094,217.9600067138672,212.33999633789062,215.08999633789062,44360500,213.80500335693358,197.07160064697266,-0.010706651956707725,0.014496713262906588,AMZN
2025-06-20,209.69000244140625,214.88999938964844,208.27000427246094,214.67999267578125,75350700,213.98300323486328,197.8522006225586,-0.013316402099383007,0.01533807389890834,AMZN
2025-06-23,208.47000122070312,210.38999938964844,207.30999755859375,209.7899932861328,37311700,213.4730026245117,198.19960052490234,-0.005818118205440093,0.01231168058035633,AMZN
2025-06-24,212.77000427246094,214.33999633789062,211.0500030517578,212.13999938964844,38378800,213.0520034790039,198.8306005859375,0.02062648355436747,0.013141996261285366,AMZN
2025-06-25,211.99000549316406,216.02999877929688,211.11000061035156,214.6199951171875,31755700,212.49000396728516,199.37300079345704,-0.0036659245365152637,0.013040113973712313,AMZN
2025-06-26,217.1199951171875,218.0399932861328,212.00999450683594,213.1199951171875,50480800,212.8820037841797,200.07300079345703,0.024199205109171285,0.013877235046574541,AMZN
2025-06-27,223.3000030517578,223.3000030517578,216.74000549316406,219.9199981689453,119217100,213.88800354003905,200.94720092773437,0.028463559660798277,0.01617746655691165,AMZN
2025-06-30,219.38999938964844,223.82000732421875,219.1199951171875,223.52000427246094,58887800,214.61700286865235,201.84840087890626,-0.017510092291414314,0.017428796948499484,AMZN
2025-07-01,220.4600067138672,221.8800048828125,217.92999267578125,219.5,39256800,215.0530029296875,202.80540100097656,0.00487719279454657,0.016602863873186453,AMZN
2025-07-02,219.9199981689453,221.60000610351562,219.05999755859375,219.72999572753906,30894200,215.56300201416016,203.85740081787108,-0.002449462616694653,0.016451471708799514,AMZN
2025-07-03,223.41000366210938,224.00999450683594,221.36000061035156,221.82000732421875,29632400,216.652001953125,204.86200103759765,0.015869432167251007,0.016231489329441857,AMZN
2025-07-07,223.47000122070312,224.2899932861328,222.3699951171875,223.0,36604100,218.03000183105468,205.7194009399414,0.0002685535903059755,0.015041149382522444,AMZN
2025-07-08,219.36000061035156,224.0,218.42999267578125,223.9199981689453,45692000,219.11900177001954,206.37580108642578,-0.018391733064396676,0.016626045018279172,AMZN
2025-07-09,222.5399932861328,224.2899932861328,220.47000122070312,221.07000732421875,38155100,220.09600067138672,207.04680084228517,0.014496684294917905,0.01609994813643145,AMZN
2025-07-10,222.25999450683594,222.7899932861328,219.6999969482422,221.5500030517578,30370600,221.1229995727539,207.73800079345702,-0.0012581953255335065,0.01597989151473639,AMZN
2025-07-11,225.02000427246094,226.67999267578125,222.3699951171875,223.5800018310547,50518300,221.91300048828126,208.49060089111327,0.012417933203629827,0.014785007157546173,AMZN
2025-07-14,225.69000244140625,226.66000366210938,224.24000549316406,225.07000732421875,35702600,222.1520004272461,209.3160009765625,0.0029775049161142597,0.011965693996518702,AMZN
2025-07-15,226.35000610351562,227.27000427246094,225.4600067138672,226.1999969482422,34907300,222.8480010986328,210.03900115966798,0.0029243814744550622,0.010014541686732728,AMZN
2025-07-16,223.19000244140625,226.10000610351562,222.17999267578125,225.8800048828125,39535900,223.12100067138672,210.7032012939453,-0.013960696164789232,0.011342156884129057,AMZN
2025-07-17,223.8800048828125,224.5,222.50999450683594,223.32000732421875,31855800,223.51700134277343,211.45380126953125,0.0030915472640284936,0.011274349555413083,AMZN
2025-07-18,226.1300048828125,226.39999389648438,222.97999572753906,225.13999938964844,37833800,223.78900146484375,212.2762014770508,0.010050026580880944,0.010599962569308348,AMZN
2025-07-21,229.3000030517578,229.69000244140625,225.64999389648438,225.83999633789062,40297600,224.37200164794922,213.0880014038086,0.014018476542235536,0.011323910589956417,AMZN
2025-07-22,227.47000122070312,230.0,226.35000610351562,229.67999267578125,37483700,225.18300170898436,213.79580139160157,-0.007980819043607368,0.009508936080118826,AMZN
2025-07-23,228.2899932861328,228.7899932861328,227.08999633789062,228.47000122070312,28294900,225.75800170898438,214.50040130615236,0.003604836070819184,0.008723340976941782,AMZN
2025-07-24,232.22999572753906,236.0,228.63999938964844,229.1699981689453,42902300,226.7550018310547,214.97220123291015,0.01725876103762447,0.00972397862952261,AMZN
2025-07-25,231.44000244140625,232.47999572753906,231.17999267578125,232.22000122070312,28712100,227.39700164794922,215.37360137939453,-0.00340177109187767,0.009567466112822703,AMZN
2025-07-28,232.7899932861328,234.2899932861328,232.25,233.35000610351562,26300100,228.10700073242188,215.8244012451172,0.005833005662313484,0.009613921477605798,AMZN
2025-07-29,231.00999450683594,234.72000122070312,230.30999755859375,234.14999389648438,33716200,228.5729995727539,216.341201171875,-0.007646371539299812,0.010203770648172909,AMZN
2025-07-30,230.19000244140625,231.8000030517578,229.2899932861328,231.63999938964844,32993300,229.27299957275392,216.8332012939453,-0.003549595623255297,0.008822082343927576,AMZN
2025-07-31,234.11000061035156,236.52999877929688,231.39999389648438,235.77000427246094,104357300,230.2959991455078,217.39220123291017,0.017029402351838252,0.009856125100520915,AMZN
2025-08-01,214.75,220.44000244140625,212.8000030517578,217.2100067138672,122258800,229.15799865722656,217.60580108642577,-0.08269617085933034,0.029041116919405606,AMZN
2025-08-04,211.64999389648438,217.44000244140625,211.4199981689453,217.39999389648438,77890100,227.39299774169922,217.81640106201172,-0.01443541840985152,0.028384063066559818,AMZN
2025-08-05,213.75,216.3000030517578,212.8699951171875,213.0500030517578,51505100,226.0209976196289,218.0294009399414,0.009922070229506863,0.028916863823068687,AMZN
2025-08-06,222.30999755859375,222.64999389648438,213.74000549316406,214.6999969482422,54823000,225.422998046875,218.45580078125,0.04004677220394748,0.0323297788881923,AMZN
2025-08-07,223.1300048828125,226.22000122070312,220.82000732421875,221.0,40603500,224.51299896240235,218.79800079345702,0.0036885760119835798,0.03170265900243166,AMZN
2025-08-08,222.69000244140625,223.8000030517578,221.8800048828125,223.13999938964844,32970500,223.63799896240235,219.1574008178711,-0.001971955504762035,0.03170648029416286,AMZN
2025-08-11,221.3000030517578,223.0500030517578,220.39999389648438,221.77999877929688,31646200,222.48899993896484,219.4694009399414,-0.006241858073597895,0.031546240518558,AMZN
2025-08-12,221.47000122070312,223.5,219.0500030517578,222.22999572753906,37185800,221.53500061035157,219.79860107421874,0.0007681796954406295,0.03156773905871326,AMZN
2025-08-13,224.55999755859375,224.9199981689453,222.0,222.0,36508300,220.9720001220703,220.15680114746092,0.01395221168040428,0.032061028827534845,AMZN
2025-08-14,230.97999572753906,233.11000061035156,227.02000427246094,227.39999389648438,61545800,220.65899963378905,220.66220092773438,0.02858923333961183,0.033017273757567224,AMZN
2025-08-15,231.02999877929688,234.0800018310547,229.80999755859375,232.5800018310547,39649200,222.28699951171876,221.13820098876954,0.00021648217457226338,0.016411842234604714,AMZN
2025-08-18,231.49000549316406,231.91000366210938,228.3300018310547,230.22999572753906,25248900,224.27100067138673,221.60980102539062,0.0019911124801876845,0.014711557240361687,AMZN
2025-08-19,228.00999450683594,230.52999877929688,227.1199951171875,230.08999633789062,29891000,225.6970001220703,221.89860076904296,-0.01503309388634011,0.01655673115842144,AMZN
2025-08-20,223.80999755859375,227.27000427246094,220.9199981689453,227.1199951171875,36604300,225.8470001220703,222.03520080566406,-0.01842023178556884,0.013468814507465707,AMZN
2025-08-21,221.9499969482422,222.77999877929688,220.5,222.64999389648438,32140500,225.72899932861327,222.12200073242187,-0.008310623433453235,0.01371064078228429,AMZN
2025-08-22,228.83999633789062,229.13999938964844,220.82000732421875,222.7899932861328,37315300,226.34399871826173,222.43480072021484,0.031043025385826706,0.01690519284674474,AMZN
2025-08-25,227.94000244140625,229.60000610351562,227.30999755859375,227.35000610351562,22633700,227.00799865722655,222.72880065917968,-0.003932852258726194,0.01678245386004948,AMZN
2025-08-26,228.7100067138672,229.0,226.02000427246094,227.11000061035156,26105400,227.73199920654298,223.06100067138672,0.0033781006590050122,0.016762679724028468,AMZN
2025-08-27,229.1199951171875,229.8699951171875,227.80999755859375,228.57000732421875,21254500,228.18799896240233,223.32140045166017,0.0017926124405795996,0.016343721479337908,AMZN
2025-08-28,231.60000610351562,232.7100067138672,228.02000427246094,229.00999450683594,33679600,228.25,223.6570004272461,0.0108240705271474,0.01393652167064605,AMZN
2025-08-29,229.0,231.80999755859375,228.16000366210938,231.32000732421875,26199200,228.0470001220703,223.98660034179687,-0.011226278216735164,0.014410835696307796,AMZN
2025-09-02,225.33999633789062,226.1699981689453,221.8300018310547,223.52000427246094,38843900,227.43199920654297,224.29960021972656,-0.015982548742835667,0.015128502790733023,AMZN
2025-09-03,225.99000549316406,227.1699981689453,224.36000061035156,225.2100067138672,29223100,227.2300003051758,224.65000030517578,0.0028845707190781056,0.014540231995121305,AMZN
2025-09-04,235.67999267578125,235.77000427246094,230.77999877929688,231.19000244140625,59391800,228.41699981689453,225.1082000732422,0.042877945692648245,0.018630016844525376,AMZN
2025-09-05,232.3300018310547,236.0,231.92999267578125,235.19000244140625,36721800,229.4550003051758,225.515,-0.014214150326010255,0.019195417539746344,AMZN
2025-09-08,235.83999633789062,237.60000610351562,233.75,234.94000244140625,33947100,230.15500030517578,225.88940002441407,0.015107797009308976,0.017341559654215015,AMZN
2025-09-09,238.24000549316406,238.85000610351562,235.0800018310547,236.36000061035156,27033800,231.18500061035155,226.1882000732422,0.010176429751274751,0.01727502308938542,AMZN
2025-09-10,230.3300018310547,237.67999267578125,229.10000610351562,237.52000427246094,60907700,231.3470001220703,226.40700012207031,-0.03320182790348514,0.02102042169949432,AMZN
2025-09-11,229.9499969482422,231.52999877929688,229.33999633789062,231.49000549316406,37485600,231.43000030517578,226.59679992675783,-0.0016498279850283293,0.02103243413836379,AMZN
2025-09-12,228.14999389648438,230.7899932861328,226.2899932861328,230.35000610351562,38496200,231.08499908447266,226.7613998413086,-0.007827802024989672,0.020847249133864466,AMZN
2025-09-15,231.42999267578125,233.72999572753906,230.32000732421875,230.6300048828125,33243300,231.32799835205077,226.92179962158204,0.014376501718361023,0.021064522082389014,AMZN
2025-09-16,234.0500030517578,235.89999389648438,232.22999572753906,232.94000244140625,38203900,232.1989990234375,227.13339965820313,0.011320962964584513,0.02033902943627777,AMZN
2025-09-17,231.6199951171875,234.3000030517578,228.7100067138672,233.77000427246094,42815200,232.76199798583986,227.37859954833985,-0.010382430689534927,0.020845189810407387,AMZN
2025-09-18,231.22999572753906,233.47999572753906,228.7899932861328,232.5,37931700,232.31699829101564,227.55239959716798,-0.0016837898189709932,0.015323771629907007,AMZN
2025-09-19,231.47999572753906,234.16000366210938,229.6999969482422,232.3699951171875,97943200,232.23199768066405,227.73679962158204,0.0010811746080494622,0.014697279625854329,AMZN
2025-09-22,227.6300048828125,230.57000732421875,227.50999450683594,230.55999755859375,45914500,231.41099853515624,227.78899963378908,-0.016632067201427403,0.014432594540151202,AMZN
2025-09-23,220.7100067138672,227.86000061035156,220.07000732421875,227.8300018310547,70956200,229.65799865722656,227.68939971923828,-0.030400202172415014,0.015816001302356192,AMZN
2025-09-24,220.2100067138672,224.55999755859375,219.4499969482422,224.14999389648438,49509000,228.6459991455078,227.5665997314453,-0.0022654160880354324,0.013006065037508077,AMZN
2025-09-25,218.14999389648438,220.6699981689453,216.47000122070312,220.05999755859375,52226300,227.46599884033202,227.46579956054688,-0.00935476479077324,0.013052765861590309,AMZN
2025-09-26,219.77999877929688,221.0500030517578,218.02000427246094,219.0800018310547,41650100,226.62899932861328,227.38379943847656,0.007471945580644679,0.01359299854740918,AMZN
2025-09-29,222.1699981689453,222.60000610351562,219.3000030517578,220.0800018310547,44259200,225.7029998779297,227.30459930419923,0.01087450815780766,0.013113729087931836,AMZN
2025-09-30,219.57000732421875,222.24000549316406,217.88999938964844,222.02999877929688,48396400,224.25500030517577,227.10999938964844,-0.011702709034319914,0.012108113278956828,AMZN
2025-10-01,220.6300048828125,222.14999389648438,216.61000061035156,217.36000061035156,43933800,223.15600128173827,226.97319946289062,0.004827606336181178,0.012487600589081084,AMZN
2025-10-02,222.41000366210938,222.80999755859375,218.9499969482422,221.00999450683594,41258600,222.2740020751953,226.85559967041016,0.008067800117406154,0.01312080558985741,AMZN
2025-10-03,219.50999450683594,224.1999969482422,219.33999633789062,223.44000244140625,43639000,221.077001953125,226.6011996459961,-0.013039023009411066,0.013295382722582143,AMZN
2025-10-06,220.89999389648438,221.72999572753906,216.02999877929688,221.0,43690900,220.40400085449218,226.39039947509767,0.00633228292302257,0.013085911264245803,AMZN
2025-10-07,221.77999877929688,222.88999938964844,220.1699981689453,220.8800048828125,31194700,220.51100006103516,226.17019958496093,0.003983725247293846,0.008915413698884388,AMZN
2025-10-08,225.22000122070312,226.72999572753906,221.19000244140625,222.9199981689453,46686000,221.01199951171876,226.0543997192383,0.015510877718191152,0.010004132491059607,AMZN
2025-10-09,227.74000549316406,228.2100067138672,221.75,225.0,46412100,221.97100067138672,226.00539978027345,0.01118907849570383,0.009438898523266771,AMZN
2025-10-10,216.3699951171875,228.25,216.0,226.2100067138672,72367500,221.63000030517577,225.65059967041014,-0.049925397829666096,0.019461205695262135,AMZN
2025-10-13,220.07000732421875,220.67999267578125,217.0399932861328,217.6999969482422,37809700,221.4200012207031,225.75699981689453,0.017100394188331425,0.019989507662328376,AMZN
2025-10-14,216.38999938964844,219.32000732421875,212.60000610351562,215.55999755859375,45665600,221.10200042724608,225.85179992675782,-0.016721987604375044,0.020354336208664985,AMZN
2025-10-15,215.57000732421875,217.7100067138672,212.66000366210938,216.6199951171875,45909500,220.59600067138672,225.8882000732422,-0.003789417568938358,0.020249762889892067,AMZN
2025-10-16,214.47000122070312,218.58999633789062,212.80999755859375,215.6699981689453,42414600,219.8020004272461,225.73140014648436,-0.00510277898660183,0.019938778228992635,AMZN
2025-10-17,213.0399932861328,214.8000030517578,211.02999877929688,214.55999755859375,45986900,219.15500030517578,225.52959991455077,-0.006667636156250767,0.01969853392733089,AMZN
2025-10-20,216.47999572753906,216.69000244140625,213.58999633789062,213.8800048828125,38882800,218.71300048828124,225.40539978027343,0.016147214372026486,0.02043535487338617,AMZN
2025-10-21,222.02999877929688,223.32000732421875,217.99000549316406,218.42999267578125,50494600,218.73800048828124,225.4199996948242,0.025637486886977978,0.02219135017974276,AMZN
2025-10-22,217.9499969482422,220.00999450683594,216.52000427246094,219.3000030517578,44308500,218.01100006103516,225.349599609375,-0.018375903497213075,0.02220423406544982,AMZN
2025-10-23,221.08999633789062,221.3000030517578,218.17999267578125,219.0,31540000,217.34599914550782,225.28019958496094,0.014406971477930908,0.022455429597557423,AMZN
2025-10-24,224.2100067138672,225.39999389648438,221.89999389648438,221.97000122070312,38685100,218.13000030517577,225.1447998046875,0.01411194729592502,0.015578723933684558,AMZN
2025-10-27,226.97000122070312,228.39999389648438,225.5399932861328,227.66000366210938,38267000,218.81999969482422,225.06359985351563,0.012309863182682124,0.015188778514176084,AMZN
2025-10-28,229.25,231.49000549316406,226.2100067138672,228.22000122070312,47100000,220.1059997558594,225.01879974365235,0.010045375014470892,0.01355995810556547,AMZN
2025-10-29,230.3000030517578,232.82000732421875,227.75999450683594,231.6699981689453,52036200,221.5789993286133,225.06459991455077,0.0045801659836763875,0.01314943091805792,AMZN
2025-10-30,222.86000061035156,228.44000244140625,222.75,227.05999755859375,102252900,222.41799926757812,225.04559997558593,-0.03230569840563213,0.017841310388725298,AMZN
2025-10-31,244.22000122070312,250.5,243.97999572753906,250.10000610351562,166340800,225.53600006103517,225.49100006103515,0.09584492754129248,0.03356234753835824,AMZN
2025-11-03,254.0,258.6000061035156,252.89999389648438,255.36000061035156,95997800,229.28800048828126,225.99420013427735,0.04004585509136338,0.034549577110175825,AMZN
2025-11-04,249.32000732421875,257.010009765625,248.66000366210938,250.3800048828125,51546300,232.01700134277343,226.4218002319336,-0.018425168014886806,0.03605034514352032,AMZN
2025-11-05,250.1999969482422,251.0,246.16000366210938,249.02999877929688,40610700,235.24200134277345,226.8516000366211,0.0035295587926045258,0.03462161823412394,AMZN
2025-11-06,243.0399932861328,250.3800048828125,242.1699981689453,249.16000366210938,46004200,237.43700103759767,227.13,-0.028617121300727022,0.037199926550333204,AMZN
2025-11-07,244.41000366210938,244.89999389648438,238.49000549316406,242.89999389648438,46374300,239.45700073242188,227.38619995117188,0.005636975040415049,0.03719521186774847,AMZN
2025-11-10,248.39999389648438,251.75,245.58999633789062,248.33999633789062,36476500,241.6,227.77419982910158,0.01632498741700883,0.03725336436833221,AMZN
2025-11-11,249.10000610351562,249.75,247.22999572753906,248.41000366210938,23564100,243.58500061035156,228.24940002441406,0.0028180846386129943,0.03731524093025247,AMZN
2025-11-12,244.1999969482422,250.3699951171875,243.75,250.24000549316406,31190100,244.975,228.61359985351564,-0.01967085120518708,0.03840249453303422,AMZN
2025-11-13,237.5800018310547,243.75,236.5,243.0500030517578,41401700,246.4470001220703,228.6516000366211,-0.027108907452568887,0.037849924922814956,AMZN
2025-11-14,234.69000244140625,238.72999572753906,232.88999938964844,235.05999755859375,38956700,245.49400024414064,228.69880004882813,-0.012164320933474637,0.021625536543195368,AMZN
2025-11-17,232.8699951171875,234.60000610351562,229.19000244140625,233.25,59919000,243.38099975585936,228.63940002441407,-0.007754941860691922,0.015192081247158231,AMZN
2025-11-18,222.5500030517578,230.1999969482422,222.4199981689453,228.10000610351562,60608400,240.7039993286133,228.32559997558593,-0.04431653833391602,0.01883329693154637,AMZN
2025-11-19,222.69000244140625,223.74000549316406,218.52000427246094,223.74000549316406,58335600,237.9529998779297,228.17279998779296,0.0006290693674619874,0.018603333149486503,AMZN
2025-11-20,217.13999938964844,227.41000366210938,216.74000549316406,227.0500030517578,50309000,235.36300048828124,227.9166000366211,-0.02492255148822009,0.018257377144340625,AMZN
2025-11-21,220.69000244140625,222.2100067138672,215.17999267578125,216.35000610351562,68490500,232.99100036621093,227.76740020751953,0.016348913427910006,0.019609576057715614,AMZN
2025-11-24,226.27999877929688,227.3300018310547,222.27000427246094,222.55999755859375,54318400,230.77900085449218,227.66440032958985,0.02532963104830621,0.021101762161640846,AMZN
2025-11-25,229.6699981689453,230.52000427246094,223.8000030517578,226.3800048828125,39379300,228.83600006103515,227.5768002319336,0.0149814363087164,0.02218654016378741,AMZN
2025-11-26,229.16000366210938,231.75,228.77000427246094,230.74000549316406,38497900,227.33200073242188,227.52760040283204,-0.0022205534501759105,0.021838320469135114,AMZN
2025-11-28,233.22000122070312,233.2899932861328,230.22000122070312,231.24000549316406,20292300,226.89600067138673,227.56740051269531,0.01771686809963624,0.021651086990842654,AMZN
2025-12-01,233.8800048828125,235.8000030517578,232.25,233.22000122070312,42904000,226.81500091552735,227.6154006958008,0.0028299616613276513,0.021358270530240028,AMZN
2025-12-02,234.4199981689453,238.97000122070312,233.5500030517578,235.00999450683594,45785400,226.97000122070312,227.75120056152343,0.0023088475921804186,0.0211959643651593,AMZN
2025-12-03,232.3800048828125,233.3800048828125,230.61000061035156,233.35000610351562,35495100,227.9530014038086,227.98460052490233,-0.008702300580441968,0.014781725541200906,AMZN
2025-12-04,229.11000061035156,233.5,226.8000030517578,232.77000427246094,45683200,228.59500122070312,228.16260040283203,-0.014071797072686909,0.015891124602320703,AMZN
2025-12-05,229.52999877929688,231.24000549316406,228.5500030517578,230.32000732421875,33117400,229.83400115966796,228.39020050048828,0.0018331725713693903,0.012583079557254547,AMZN
2025-12-08,226.88999938964844,230.8300018310547,226.27000427246094,229.58999633789062,35019200,230.4540008544922,228.53240051269532,-0.011501761877265149,0.013022813130427847,AMZN
2025-12-09,227.9199981689453,228.57000732421875,225.11000061035156,226.83999633789062,25841700,230.61800079345704,228.6474005126953,0.004539639393836836,0.010438477013551073,AMZN
2025-12-10,231.77999877929688,232.4199981689453,228.4600067138672,228.80999755859375,38790700,230.8290008544922,228.89160034179687,0.016935769749744978,0.010747796608006668,AMZN
2025-12-11,230.27999877929688,232.11000061035156,228.69000244140625,230.7100067138672,28249600,230.94100036621094,229.08460021972655,-0.006471654188885845,0.0109696563778805,AMZN
2025-12-12,226.19000244140625,230.0800018310547,225.1199951171875,229.8699951171875,35639100,230.23800048828124,229.1602001953125,-0.017760970816273702,0.01052579950454026,AMZN
2025-12-15,222.5399932861328,227.92999267578125,221.5,227.92999267578125,47286100,229.10399932861327,229.22080017089843,-0.01613691637948922,0.011052984608332966,AMZN
2025-12-16,222.55999755859375,223.66000366210938,221.1300048828125,223.0399932861328,39298900,227.91799926757812,229.25400024414063,8.989068511033871e-05,0.010913513303730969,AMZN
2025-12-17,221.27000427246094,225.19000244140625,220.99000549316406,224.66000366210938,44034400,226.80699920654297,229.2438003540039,-0.005796159688549518,0.010846146160626843,AMZN
2025-12-18,226.75999450683594,229.22999572753906,224.41000366210938,225.7100067138672,50272400,226.5719985961914,229.27460021972655,0.024811271877659857,0.013748018235869413,AMZN
2025-12-19,227.35000610351562,229.1300048828125,225.5800018310547,226.75999450683594,85544400,226.35399932861327,229.2668002319336,0.0026019210221046585,0.013767419446530725,AMZN
2025-12-22,228.42999267578125,229.47999572753906,226.7100067138672,228.61000061035156,32261300,226.50799865722655,229.50800018310548,0.00475032567966549,0.013324919669141642,AMZN
2025-12-23,232.13999938964844,232.4499969482422,228.72999572753906,229.05999755859375,29230200,226.92999877929688,229.74940002441406,0.016241329216049705,0.014180427048426645,AMZN
2025-12-24,232.3800048828125,232.9499969482422,231.3300018310547,232.1300048828125,11420500,226.98999938964843,230.06920013427734,0.001033882544133169,0.013165576216450769,AMZN
2025-12-26,232.52000427246094,232.99000549316406,231.17999267578125,232.0399932861328,15994700,227.21399993896483,230.4082000732422,0.000602458846315379,0.012947372020027772,AMZN
2025-12-29,232.07000732421875,232.60000610351562,230.77000427246094,231.94000244140625,19797900,227.8020004272461,230.7602001953125,-0.0019353042317807878,0.011249313682955626,AMZN
2025-12-30,232.52999877929688,232.77000427246094,230.1999969482422,231.2100067138672,21910500,228.8010009765625,231.15000030517578,0.001982123671998126,0.009155759127051622,AMZN
2025-12-31,230.82000732421875,232.99000549316406,230.1199951171875,232.91000366210938,24383700,229.627001953125,231.43680053710938,-0.0073538531116630335,0.009826578072961414,AMZN
2026-01-02,226.5,235.4600067138672,224.6999969482422,231.33999633789062,51456200,230.1500015258789,231.52620056152344,-0.018715913643268745,0.011853263241677061,AMZN
2026-01-05,233.05999755859375,234.0,227.17999267578125,228.83999633789062,49733300,230.78000183105468,231.82840057373048,0.028962461627345393,0.012763052243316744,AMZN
2026-01-06,240.92999267578125,243.17999267578125,232.07000732421875,232.10000610351562,53764700,232.13800048828125,232.22520050048828,0.033768107781812384,0.016079160979261563,AMZN
2026-01-07,241.55999755859375,245.2899932861328,239.52000427246094,239.61000061035156,42236500,233.4510009765625,232.57220031738282,0.0026148877348795008,0.01611077038177345,AMZN
2026-01-08,246.2899932861328,246.41000366210938,241.8800048828125,243.05999755859375,39509800,234.86600036621093,232.9586001586914,0.019581038977249277,0.016385382533949854,AMZN
2026-01-09,247.3800048828125,247.86000061035156,242.24000549316406,244.57000732421875,34560000,236.36600036621093,233.32120025634765,0.004425724253495522,0.016304826024352095,AMZN
2026-01-12,246.47000122070312,248.94000244140625,245.9600067138672,246.72999572753906,35867800,237.76100006103516,233.64460021972656,-0.003678565947722645,0.016528430067561474,AMZN
2026-01-13,242.60000610351562,247.66000366210938,240.25,246.52999877929688,38371800,238.81399993896486,234.03940032958985,-0.0157016882298876,0.017785081733540892,AMZN
2026-01-14,236.64999389648438,241.27999877929688,236.22000122070312,241.14999389648438,41410600,239.2259994506836,233.88800018310548,-0.024526018373191683,0.02004819865804722,AMZN
2026-01-15,238.17999267578125,240.64999389648438,236.6300048828125,239.30999755859375,43003600,239.96199798583984,233.5716000366211,0.006465239039753046,0.019811454621590046,AMZN
2026-01-16,239.1199951171875,239.57000732421875,236.41000366210938,239.08999633789062,45888300,241.2239974975586,233.36759979248046,0.0039466053837939885,0.018244990787441205,AMZN
2026-01-20,231.0,235.08999633789062,229.33999633789062,233.75999450683594,47737900,241.01799774169922,232.9835998535156,-0.033957825706746436,0.02004785484371129,AMZN
2026-01-21,231.30999755859375,232.3000030517578,226.8800048828125,231.08999633789062,47276100,240.05599822998047,232.74899993896486,0.001341980773133189,0.016082485020559555,AMZN
2026-01-22,234.33999633789062,235.72000122070312,230.89999389648438,234.0500030517578,31913300,239.33399810791016,232.54759979248047,0.01309929882528893,0.016879907890986506,AMZN
2026-01-23,239.16000366210938,240.4499969482422,234.57000732421875,234.9600067138672,33778500,238.62099914550782,232.36279998779298,0.020568436457892858,0.01702826195268679,AMZN
2026-01-26,238.4199981689453,240.9499969482422,237.5399932861328,239.97999572753906,32825500,237.7249984741211,232.14919982910158,-0.003094185824689788,0.01683861504096191,AMZN
2026-01-27,244.67999267578125,244.8800048828125,238.0800018310547,239.69000244140625,38029200,237.5459976196289,232.15879974365234,0.026256163723313408,0.019295516270630687,AMZN
2026-01-28,243.00999450683594,247.77999877929688,241.52999877929688,246.3699951171875,40882700,237.58699645996094,232.26739959716798,-0.0068252338521122,0.01871707290060227,AMZN
2026-01-29,241.72999572753906,243.0,236.74000549316406,242.82000732421875,47229600,238.0949966430664,232.40819946289062,-0.005267268047532414,0.016764630583768782,AMZN
2026-01-30,239.3000030517578,243.32000732421875,237.63999938964844,239.88999938964844,46585000,238.20699768066407,232.53679962158202,-0.010052507834071855,0.017113623954108988,AMZN
2026-02-02,242.9600067138672,245.6300048828125,238.1699981689453,238.30999755859375,37546100,238.59099884033202,232.94499969482422,0.015294624385431943,0.017725388230725673,AMZN
2026-02-03,238.6199951171875,246.35000610351562,235.4499969482422,244.97999572753906,53831300,239.35299835205078,233.26359954833984,-0.017863069956986388,0.014574953834177623,AMZN
2026-02-04,232.99000549316406,238.86000061035156,231.82000732421875,238.86000061035156,51299900,239.5209991455078,233.58059967041015,-0.023593955826118118,0.01690305614271834,AMZN
2026-02-05,222.69000244140625,226.30999755859375,220.3800048828125,224.91000366210938,103509200,238.3559997558594,233.62059967041014,-0.04420791797466184,0.02140465763729196,AMZN
2026-02-06,210.32000732421875,211.44000244140625,200.30999755859375,202.6999969482422,179210900,235.4720001220703,233.30139984130858,-0.05554804877440456,0.024639445070451484,AMZN
2026-02-09,208.72000122070312,212.80999755859375,203.35000610351562,208.97000122070312,91178400,232.5020004272461,232.88239990234376,-0.00760748406141476,0.02448908978955339,AMZN
2026-02-10,206.9600067138672,212.64999389648438,206.41000366210938,208.8000030517578,67175000,228.7300018310547,232.4383999633789,-0.008432323191560842,0.020442299511429913,AMZN
2026-02-11,204.0800018310547,208.57000732421875,202.49000549316406,208.05999755859375,65545500,224.83700256347657,231.85559997558593,-0.013915755650289796,0.02019436095606006,AMZN
2026-02-12,199.60000610351562,203.9600067138672,197.55999755859375,203.9600067138672,83975400,220.6240036010742,231.17,-0.021952154485218922,0.019791566240663677,AMZN
2026-02-13,198.7899932861328,201.16000366210938,197.27999877929688,198.8800048828125,66321600,216.57300262451173,230.45739990234375,-0.004058180323715632,0.02017264024489853,AMZN
2026-02-17,201.14999389648438,201.74000549316406,196.0,198.1300048828125,69879200,212.39200134277343,229.83279968261718,0.011871828009746066,0.01956116157808133,AMZN
2026-02-18,204.7899932861328,206.86000061035156,201.50999450683594,202.07000732421875,51003300,209.00900115966797,229.34639953613282,0.018095945812067304,0.022743771308973083,AMZN
2026-02-19,204.86000061035156,205.63999938964844,202.80999755859375,203.8000030517578,35669600,206.1960006713867,228.8529995727539,0.00034184934085601526,0.022989406210482937,AMZN
2026-02-20,210.11000061035156,211.1699981689453,203.75,204.75999450683594,65881600,204.93800048828126,228.51739959716798,0.025627257563010764,0.022907964414723453,AMZN
2026-02-23,205.27000427246094,208.42999267578125,203.11000061035156,208.10000610351562,53581500,204.43300018310546,228.06439971923828,-0.023035535309270605,0.01641038740681589,AMZN
2026-02-24,208.55999755859375,210.36000061035156,203.25,205.47000122070312,41137200,204.41699981689453,227.59999969482422,0.016027637831418806,0.017242980847549078,AMZN
2026-02-25,210.63999938964844,211.58999633789062,208.92999267578125,210.4600067138672,41346400,204.78499908447264,227.20719970703124,0.00997315810991184,0.017218422979326742,AMZN
2026-02-26,207.9199981689453,211.0500030517578,205.35000610351562,210.72999572753906,47756800,205.16899871826172,226.84179962158203,-0.012913032798065993,0.017118732041870918,AMZN
2026-02-27,210.0,210.3300018310547,205.1999969482422,206.8300018310547,57422800,206.20899810791016,226.59099975585937,0.01000385652833935,0.015003080767318022,AMZN
2026-03-02,208.38999938964844,209.72999572753906,203.4600067138672,204.5500030517578,46001000,207.16899871826172,226.30759979248046,-0.007666669573102691,0.015290955897854942,AMZN
2026-03-03,208.72999572753906,209.17999267578125,202.47999572753906,203.10000610351562,43184900,207.9269989013672,226.05679962158203,0.0016315386481426941,0.015108975646751495,AMZN
2026-03-04,216.82000732421875,217.5399932861328,210.14999389648438,210.47000122070312,54731100,209.13000030517577,225.8579998779297,0.03875826073047883,0.01834601891256601,AMZN
2026-03-05,218.94000244140625,220.47000122070312,215.58999633789062,215.97999572753906,60943400,210.53800048828126,225.6897998046875,0.009777672934109694,0.018272330268595954,AMZN
2026-03-06,213.2100067138672,217.32000732421875,212.52999877929688,214.99000549316406,51152700,210.8480010986328,225.38540008544922,-0.026171534044230005,0.019638836591237527,AMZN
2026-03-09,213.49000549316406,213.82000732421875,207.11000061035156,210.4499969482422,54642900,211.6700012207031,225.01240020751953,0.0013132534612816382,0.017648307504683654,AMZN
2026-03-10,214.3300018310547,215.64999389648438,212.42999267578125,214.19000244140625,35678800,212.24700164794922,224.65140014648438,0.00393459326562029,0.017145315056689713,AMZN
2026-03-11,212.64999389648438,217.0,211.35000610351562,215.7100067138672,34199300,212.4480010986328,224.25399993896485,-0.007838417021498345,0.017249594985703113,AMZN
2026-03-12,209.52999877929688,211.7100067138672,208.14999389648438,210.38999938964844,44349500,212.60900115966797,223.8031997680664,-0.014671973697334195,0.01741633157967591,AMZN
2026-03-13,207.6699981689453,210.55999755859375,206.22000122070312,209.61000061035156,35662100,212.3760009765625,223.30599975585938,-0.008877013416636048,0.017343859114726065,AMZN
2026-03-16,211.74000549316406,212.72000122070312,207.4499969482422,208.35000610351562,42209300,212.71100158691405,222.9243997192383,0.0195984367511175,0.018293177393491306,AMZN
2026-03-17,215.1999969482422,215.6999969482422,212.42999267578125,212.82000732421875,44969900,213.35800170898438,222.69839965820313,0.016340754535353108,0.01886541796064289,AMZN
2026-03-18,209.8699951171875,215.13999938964844,208.8300018310547,213.92999267578125,37846600,212.66300048828126,222.234599609375,-0.024767666852414494,0.01605361214098392,AMZN
2026-03-19,208.75999450683594,209.1199951171875,206.0500030517578,207.05999755859375,36440600,211.6449996948242,221.59119964599608,-0.005288991452693126,0.015400694224693553,AMZN
2026-03-20,205.3699951171875,207.5399932861328,204.32000732421875,207.39999389648438,63694600,210.86099853515626,220.86739959716797,-0.01623874055782004,0.014125418232108342,AMZN
2026-03-23,210.13999938964844,212.8000030517578,209.50999450683594,209.7899932861328,44277400,210.5259979248047,220.1443997192383,0.02322639327005427,0.016483717428118664,AMZN
2026-03-24,207.24000549316406,209.35000610351562,206.63999938964844,207.9499969482422,35272600,209.81699829101564,219.3415997314453,-0.013800294588880768,0.016790230954928043,AMZN
2026-03-25,212.32000732421875,213.07000732421875,209.89999389648438,211.6199951171875,19915224,209.78399963378905,218.65859985351562,0.024512650532728664,0.01880034871625128,AMZN
2025-06-04,167.46929931640625,167.6387100496484,165.78513674832732,166.16382850855194,26900800,169.41456451416016,159.60218658447266,0.011252780301369114,0.01656226405038139,GOOGL
2025-06-05,167.62876892089844,170.33935616350743,167.01090094696792,169.75139851627495,36379100,169.3796859741211,159.55534912109374,0.0009522318726067347,0.013967701401820501,GOOGL
2025-06-06,173.079833984375,173.89700773798458,170.23969140570108,170.23969140570108,35731800,169.6597137451172,159.7271533203125,0.03251867265128472,0.016979269275091014,GOOGL
2025-06-09,175.6939697265625,176.0731199779413,173.9778367906517,174.14745263351276,28935900,170.44032440185546,160.00744506835937,0.015103641377559374,0.016458241806491834,GOOGL
2025-06-10,178.19833374023438,180.70268325607967,174.5166301339373,175.80372221831115,61766100,171.02990264892577,160.49547729492187,0.014254126180707871,0.015083852364592358,GOOGL
2025-06-11,176.95114135742188,179.96433833777158,176.352484683136,179.36569688795734,31646800,171.54857482910157,160.95238739013672,-0.00699890036362838,0.015320079553502045,GOOGL
2025-06-12,175.30484008789062,176.32255032681226,174.3569797237004,175.78375628436552,20941900,171.95244445800782,161.32793914794922,-0.009303705287811104,0.015726423288133458,GOOGL
2025-06-13,174.27716064453125,176.73163473712606,172.00228964381978,172.05218023736916,27663100,172.2655044555664,161.68353546142578,-0.005862242268063644,0.015924603255243964,GOOGL
2025-06-16,176.3724365234375,176.5420523549515,174.25719419482596,174.33701609632743,27389200,173.05815582275392,162.20700012207033,0.012022664766612401,0.014882511333922576,GOOGL
2025-06-17,175.5542755126953,176.96110799729416,174.1873615915514,175.30483777675101,24973000,174.05300598144532,162.8161477661133,-0.004638825810139968,0.013335892728861426,GOOGL
2025-06-18,172.93020629882812,176.16290971424257,172.81046582918458,175.6141436330853,28707500,174.5990966796875,163.3498941040039,-0.014947338686020384,0.014679930723398725,GOOGL
2025-06-20,166.26522827148438,173.94790803011588,165.08788938336605,173.55878574385125,75659900,174.4627426147461,163.79119903564452,-0.038541433390916646,0.019803238522304714,GOOGL
2025-06-23,164.8184814453125,166.9636398925432,161.63565348702906,165.8960542954959,57671000,173.63660736083983,163.92433715820312,-0.008701439508503661,0.01607326514707203,GOOGL
2025-06-24,166.3949432373047,167.84167918331357,165.75638318822968,166.5445998017471,40524300,172.70670471191406,164.20639739990236,0.00956483628636784,0.015393731117156204,GOOGL
2025-06-25,170.296142578125,171.97237226546412,167.17319213194548,167.25301404319714,35479000,171.91648559570314,164.48037994384765,0.023445420064578615,0.0168933578163209,GOOGL
2025-06-26,173.14968872070312,173.29936049404486,169.55779452756443,172.04218458564608,31796700,171.53634033203124,164.77296661376954,0.016756375684017888,0.0181128898808212,GOOGL
2025-06-27,178.12847900390625,178.27813555923768,171.3437693802371,173.14969619543672,108140200,171.8187042236328,165.2201385498047,0.028754254887712216,0.020281069121203005,GOOGL
2025-06-30,175.83364868164062,180.82240351749414,174.1873656755976,180.3734186271616,63378900,171.97435302734374,165.68080810546874,-0.012883006328344049,0.020692564566651025,GOOGL
2025-07-01,175.44451904296875,175.6939567742825,173.139716841545,175.3447530851258,35904500,171.88156127929688,166.17694519042968,-0.0022130555874230184,0.020343075514040347,GOOGL
2025-07-02,178.23822021484375,178.4577266308603,174.67625741761273,175.14518633422566,29128900,172.14995574951172,166.79851501464844,0.015923559123501407,0.020892119993174398,GOOGL
2025-07-03,179.126220703125,179.265905222364,176.65180269468908,178.09853847776557,21689700,172.7695571899414,167.3621075439453,0.004982099165997456,0.020059953701620514,GOOGL
2025-07-07,176.3923797607422,178.89674433224096,175.28487562232132,178.65727862884938,34175600,173.7822723388672,167.79369110107422,-0.015262092460007537,0.015428103016772087,GOOGL
2025-07-08,173.9678497314453,177.54977185383785,172.42133277200756,177.4500058972594,40442500,174.69720916748048,168.09845611572266,-0.013745095069217284,0.01603399177100881,GOOGL
2025-07-09,176.22276306152344,179.03642797074187,172.38143114455036,174.85584916951822,43025600,175.67999114990235,168.39490417480468,0.012961666960642715,0.016164364532833198,GOOGL
2025-07-10,177.22052001953125,178.02869585837095,173.98781666417247,175.2350053597822,29252400,176.37242889404297,168.73821411132812,0.005661907353361917,0.01494870596475582,GOOGL
2025-07-11,179.78475952148438,181.02196104807066,176.08309652221448,176.39239690386106,34282900,177.0359359741211,169.14177764892577,0.01446920199574242,0.014749608971578924,GOOGL
2025-07-14,181.1516571044922,183.2569121837853,179.27588047712075,180.60289104600895,32536600,177.3382537841797,169.59978546142577,0.0076029669402788436,0.0120541187260768,GOOGL
2025-07-15,181.59066772460938,183.80567598843865,181.1915734457722,182.3988435351607,33448300,177.91395568847656,170.0167465209961,0.002423442474301929,0.010906784710044366,GOOGL
2025-07-16,182.55850219726562,183.91544417003013,181.62061381873355,182.82789923086935,33104200,178.62535400390624,170.39865234375,0.005329758873534374,0.010744265035680064,GOOGL
2025-07-17,183.1671142578125,183.64603043273615,180.07408034072432,181.73035050857078,31992600,179.1182434082031,170.78914276123047,0.003333791925446583,0.009900898967744022,GOOGL
2025-07-18,184.64378356933594,186.00072543502688,183.2968289565469,184.98301522964096,34014500,179.6699996948242,171.2286993408203,0.00806186917071261,0.010024285471803852,GOOGL
2025-07-21,189.67245483398438,189.86201471908177,185.73132654425748,185.83110772544197,45803100,180.99800720214844,172.00501007080078,0.02723444660545593,0.010384111882163823,GOOGL
2025-07-22,190.90966796875,191.21896833519165,187.03840453704987,191.0693117786785,44660200,182.69218902587892,172.74826538085938,0.006522893036042143,0.007346526182678994,GOOGL
2025-07-23,189.8021697998047,192.09700016081177,188.75452819755446,191.06931784155387,58681900,184.05012969970704,173.49986541748046,-0.0058011633498131765,0.008611586585483914,GOOGL
2025-07-24,191.73779296875,197.50479208340965,190.5704262162467,196.58686306155585,74881700,185.5018569946289,174.17637237548828,0.010198108751796386,0.008624411522271577,GOOGL
2025-07-25,192.7455291748047,193.8929519493829,190.8298490986121,191.5482310302433,39785900,186.79793395996094,174.85170806884764,0.005255803722633567,0.00833642971278287,GOOGL
2025-07-28,192.14686584472656,193.61356085282932,190.41077383680673,193.21445136708732,38139500,187.89745483398437,175.39867431640624,-0.003105977776196256,0.008920079756105793,GOOGL
2025-07-29,195.30975341796875,195.47936925683575,191.64800916549822,191.99721287217557,41389200,189.2693634033203,176.03700042724608,0.0164607814930382,0.009396084658619162,GOOGL
2025-07-30,196.08799743652344,197.155598285003,194.2521393007246,195.1600963397073,32445400,190.6223129272461,176.64644592285157,0.00398466540935738,0.00943773884837592,GOOGL
2025-07-31,191.46839904785156,195.54921195775628,190.66022322341527,195.26984291287636,51329200,191.45244140625,177.15652374267577,-0.023558802420669878,0.013586163274173706,GOOGL
2025-08-01,188.7046356201172,190.40080913246982,187.39758435603645,188.6048544387261,34832200,191.85852661132813,177.66234893798827,-0.014434566964983353,0.014748307148508024,GOOGL
2025-08-04,194.60133361816406,194.830827292421,189.69240089649873,189.86201672672937,31547400,192.3514144897461,178.19482452392577,0.03124829434459442,0.015536604872710212,GOOGL
2025-08-05,194.232177734375,197.4150057356091,193.45393320281906,194.2720962985156,31602300,192.68366546630858,178.673876953125,-0.0018969853747939913,0.015533175583935662,GOOGL
2025-08-06,195.6489715576172,196.18776557270928,193.23441619136784,194.06255127051267,21562900,193.26834564208986,179.22909912109375,0.007294331144141131,0.01536901496279387,GOOGL
2025-08-07,196.07801818847656,197.09571318148866,193.8929412029117,196.6167969951023,26321800,193.7023681640625,179.70460845947267,0.00219294089533717,0.01516796488877856,GOOGL
2025-08-08,200.9669952392578,202.15432130991044,196.72655368662487,196.7764442791972,39161800,194.5245147705078,180.28865997314452,0.0249338355005293,0.016778630909147933,GOOGL
2025-08-11,200.54794311523438,201.02685931355308,198.62229106869012,200.48808049350347,25832400,195.3646224975586,180.87429595947265,-0.002085178830108614,0.01673152612830096,GOOGL
2025-08-12,202.88267517089844,204.04006993048975,200.1388600495838,200.91710457512625,30397900,196.12191467285157,181.5090182495117,0.01164176515299653,0.01641235439857412,GOOGL
2025-08-13,201.50579833984375,204.0700104890599,197.06579421729333,203.67091617948037,28342900,196.6636947631836,182.17021575927734,-0.006786566816978645,0.016758321291383778,GOOGL
2025-08-14,202.48358154296875,203.98020797768137,200.77742070862897,201.0468177297292,25230400,197.7652130126953,182.9077719116211,0.004852382468299776,0.013956911198810547,GOOGL
2025-08-15,203.44140625,205.97570210941166,200.82730371462006,203.39153088363753,34931400,199.2388900756836,183.62721405029296,0.004730382086944651,0.012074401444743844,GOOGL
2025-08-18,203.04232788085938,204.80835140832636,202.03460485474218,203.74075053383524,18526600,200.08298950195314,184.33548522949218,-0.001961637881377043,0.009036009729320638,GOOGL
2025-08-19,201.11666870117188,202.98245812812408,199.51028904350812,202.57337657986534,24240200,200.7714385986328,184.89622192382814,-0.009484028280139833,0.009891394462991686,GOOGL
2025-08-20,198.87171936035156,200.82730262485018,196.15783565803162,200.27853657760338,28955500,201.09371337890624,185.3597769165039,-0.011162423061789828,0.010792452500011011,GOOGL
2025-08-21,199.3007354736328,202.02459107482636,198.98144788878304,199.3007354736328,19774600,201.41598510742188,185.78182495117187,0.0021572504861984143,0.010792272549974495,GOOGL
2025-08-22,205.62649536132812,208.07098221204853,200.8472748764244,202.27405146693474,42827000,201.8819351196289,186.35533203125,0.03173977192137456,0.012500784696062934,GOOGL
2025-08-25,208.02108764648438,210.046520726557,204.8183006045268,205.96570803332725,29928900,202.6292495727539,187.0096569824219,0.011645348917455722,0.012710089398502454,GOOGL
2025-08-26,206.6741180419922,207.38252787024734,205.23735432936843,207.04328099820484,28464100,203.00839385986328,187.6575961303711,-0.006475158935719372,0.012749318375224574,GOOGL
2025-08-27,207.01336669921875,208.4401585010209,205.18748059977113,205.2373711930947,23022900,203.55915069580078,188.27041473388672,0.0016414665776274262,0.01238270712839589,GOOGL
2025-08-28,211.16400146484375,211.74269881815906,206.43465668224866,206.7838755896793,32339300,204.42719268798828,188.98260925292968,0.020050080976923956,0.013544992496396489,GOOGL
2025-08-29,212.43115234375,214.167229203444,209.72724064780297,210.0365409975429,39728400,205.32616729736327,189.77262817382814,0.00600079023941591,0.01355555516652323,GOOGL
2025-09-02,210.8746795654297,211.20392399730977,205.73625278986853,207.9712205067108,47523000,206.10940246582032,190.66481719970704,-0.0073269516318476,0.01393681180202652,GOOGL
2025-09-03,230.1412353515625,230.78976737242826,224.28442698424496,225.7012467158241,103336100,209.01185913085936,191.97127227783204,0.09136495583935123,0.03019632134210927,GOOGL
2025-09-04,231.7775421142578,231.84737676203946,225.60146147412655,229.13349303754427,51684200,212.30244140625,193.2789242553711,0.007110011207664302,0.029037581084078272,GOOGL
2025-09-05,234.4714813232422,235.22976659054154,231.37844718195538,231.677775522156,46588900,215.81951599121095,194.56243103027344,0.011622951837397366,0.028696047337311653,GOOGL
2025-09-08,233.72247314453125,237.8069358559837,233.3529799966882,235.15054099905157,32474700,218.62911376953124,195.77388671875,-0.0031944532208518783,0.028792998134730605,GOOGL
2025-09-09,239.30490112304688,240.14375784585562,232.91357479962468,233.85230194861487,38061000,221.7574951171875,196.9974151611328,0.02388485755524039,0.02897704959081782,GOOGL
2025-09-10,238.84552001953125,241.33214736167037,237.5273187664355,238.5758820575914,35141100,224.9746353149414,198.25765258789062,-0.0019196477019892688,0.028645127121629293,GOOGL
2025-09-11,240.0438995361328,241.9213539288796,235.92949376965038,239.55457404217233,30599300,228.2776885986328,199.54964019775392,0.0050173832714282,0.02849067968325039,GOOGL
2025-09-12,240.4733123779297,241.75157459718335,237.67710805902945,240.04388783032,26771600,231.2086196899414,200.79434204101562,0.00178889295927398,0.02873380636320979,GOOGL
2025-09-15,251.26864624023438,252.06756394348793,244.32807821701437,244.32807821701437,58383800,235.09236907958984,202.2371905517578,0.04489202463073605,0.03020985522527565,GOOGL
2025-09-16,250.8192596435547,252.696698721273,249.13154999644232,251.73800966841424,34109700,239.08682708740236,203.72572814941407,-0.001788470640503359,0.029755051462150083,GOOGL
2025-09-17,249.19146728515625,251.25866627901078,245.94587648389523,250.87917693990602,34108000,240.99185028076172,205.23020050048828,-0.006489901775133755,0.015649434444823643,GOOGL
2025-09-18,251.68807983398438,253.64542748570952,249.46110945180462,251.338548569648,31239500,242.98290405273437,206.7395068359375,0.010018852475278228,0.0156561787105297,GOOGL
2025-09-19,254.3744354248047,255.65269769422878,251.4683796180924,252.90642848071656,55571400,244.97319946289062,208.28258514404297,0.010673352478958398,0.015637213846051306,GOOGL
2025-09-22,252.18740844726562,255.4329993925613,249.96043800377367,254.08482475081846,32290500,246.81969299316407,209.7306381225586,-0.008597668133933034,0.01616259336354609,GOOGL
2025-09-23,251.31858825683594,254.01492224497756,250.1401811840686,252.69670571321294,26628000,248.02106170654298,211.13397674560548,-0.0034451370739684295,0.01542457752879444,GOOGL
2025-09-24,246.80471801757812,252.00765659919705,246.1056707170572,251.31859024650916,28201000,248.81698150634764,212.43825775146485,-0.01796074962288441,0.016981432145196457,GOOGL
2025-09-25,245.45652770996094,246.15559020390248,240.41339128252798,244.0684141454478,31020400,249.35824432373047,213.69621826171874,-0.005462579153455049,0.01719332990352896,GOOGL
2025-09-26,246.2055206298828,249.08161830530747,245.63630185383965,246.73481561544992,18503200,249.93146514892578,214.95698638916016,0.0030514279938276268,0.01719328235327397,GOOGL
2025-09-29,243.71890258789062,250.80926093832198,242.4406403715287,247.51375020937843,32505800,249.1764907836914,216.13848876953125,-0.010099765576460307,0.008935224337652571,GOOGL
2025-09-30,242.77020263671875,242.9599320717839,238.92541967317948,242.48058753408858,34724300,248.3715850830078,217.20044372558593,-0.0038925989781598558,0.008928032930868884,GOOGL
2025-10-01,244.5677490234375,245.96585884887978,238.2862890899911,240.42338523813993,31658200,247.90921325683593,218.2736053466797,0.007404312255769652,0.009429740368925287,GOOGL
2025-10-02,245.356689453125,246.4751651396655,241.97128907367482,244.8174135056227,25483300,247.27607421875,219.3846957397461,0.0032258563642906246,0.0086974938411676,GOOGL
2025-10-03,245.0171356201172,245.96584369150784,241.33213946713911,244.15830178707057,30249600,246.34034423828126,220.45028259277345,-0.0013839191984723609,0.007406742634504855,GOOGL
2025-10-06,250.09024047851562,250.97904766602093,244.24818617214953,244.44791178946252,28894700,246.13062744140626,221.59717681884766,0.02070510230053446,0.0104373137168329,GOOGL
2025-10-07,245.42657470703125,250.1002333278666,245.18691006468788,247.93317917084852,23181300,245.5414260864258,222.66277099609374,-0.01864793189274816,0.011875786240826443,GOOGL
2025-10-08,244.2881317138672,245.67624536262252,243.48922922331397,244.62768203424937,21307100,245.28976745605468,223.64233856201173,-0.0046386296778294644,0.010603631609589784,GOOGL
2025-10-09,241.2023162841797,244.42792989328805,238.82554034163272,244.13833003954065,27892100,244.86434631347657,224.54462493896483,-0.012631867983262879,0.01116817666424796,GOOGL
2025-10-10,236.24905395507812,243.75884063652228,235.52003337107624,241.10244578834048,33180300,243.8686996459961,225.44023803710937,-0.020535716262632064,0.012470232410387446,GOOGL
2025-10-13,243.8187713623047,244.16830263513637,239.38480762364867,239.8841293059291,24995000,243.8786865234375,226.54252075195313,0.03204126018919817,0.016626325366311534,GOOGL
2025-10-14,245.11700439453125,246.78473694130554,240.18370386409978,240.9027282868883,22111600,244.11336669921874,227.55283416748046,0.005324581962959041,0.016631901773731722,GOOGL
2025-10-15,250.68943786621094,251.76797450819856,245.6562821083569,246.91456723829836,27007700,244.72553558349608,228.68197937011718,0.022733769472437437,0.017934379436650636,GOOGL
2025-10-16,251.1188507080078,256.6113736152233,249.76069521164578,251.42842769264908,27997200,245.30175170898437,229.791376953125,0.001712927538758402,0.017935075031145088,GOOGL
2025-10-17,252.95635986328125,253.87510990312921,247.4738024671156,250.41979725844868,29671600,246.09567413330078,230.9289437866211,0.007317288806048428,0.017938506697342822,GOOGL
2025-10-20,256.2019348144531,256.98087539491434,253.88509020638818,254.3444728441902,22350200,246.70684356689452,232.033642578125,0.012830572644728422,0.017251097580489486,GOOGL
2025-10-21,250.12020874023438,254.53421031738455,243.81875668908756,254.39440086428343,47312100,247.17620697021485,233.025087890625,-0.0237380177422285,0.0180047103095155,GOOGL
2025-10-22,251.34854125976562,256.01218852739623,248.95178813355238,254.02489806023604,35029400,247.8822479248047,233.99440521240234,0.004910968712675823,0.01786372594768967,GOOGL
2025-10-23,252.7366485595703,254.69398089708358,251.50832156545113,252.6367781341903,19901400,249.03568115234376,235.01902221679688,0.005522639172073296,0.017000615795276435,GOOGL
2025-10-24,259.5674133300781,261.32500504033385,254.97364746401067,256.23191746004557,28655100,251.36751708984374,236.16069885253907,0.0270272032546075,0.0157267331856454,GOOGL
2025-10-27,268.9046630859375,269.7735083332291,263.92144290721717,264.4607188078389,35235200,253.87610626220703,237.46996398925782,0.03597234967235918,0.016386192123179887,GOOGL
2025-10-28,267.1071472167969,270.3627344019799,266.1384619149823,269.3241367489819,29738600,256.0751205444336,238.75126037597656,-0.006684584225920109,0.01718440188618065,GOOGL
2025-10-29,274.197509765625,274.96645416764926,267.3068768000952,267.38675485794886,43580300,258.425927734375,240.2128771972656,0.02654501245177565,0.017566752024932387,GOOGL
2025-10-30,281.09814453125,291.1944142933695,279.6800575475708,291.1944142933695,74876000,261.4238571166992,241.8574057006836,0.025166657317651886,0.018024442798562437,GOOGL
2025-10-31,280.80853271484375,285.6120049046921,276.6541726227251,282.8257813584811,39267900,264.20907440185545,243.4875616455078,-0.0010302871863107077,0.018427795366780617,GOOGL
2025-11-03,283.3350830078125,285.14262497278366,279.42038779718166,281.797163766903,29786000,266.9223892211914,245.0417333984375,0.008997412822687956,0.01841731333592815,GOOGL
2025-11-04,277.1634826660156,280.88840284028174,275.88522040271835,276.3745458896769,30078400,269.62671661376953,246.42458129882812,-0.021781984342640337,0.018022155692343656,GOOGL
2025-11-05,283.9242858886719,286.03143918614273,276.96374058170124,278.4916636746374,31010300,272.88429107666013,247.9695846557617,0.024392835440024685,0.0184040570920259,GOOGL
2025-11-06,284.36370849609375,287.9588308357049,280.7586204462715,284.9429082592804,37173600,276.0469970703125,249.51659149169922,0.001547675310854535,0.018611167044306362,GOOGL
2025-11-07,278.4516906738281,283.39498707048995,274.816645004158,282.82575309004056,34479600,277.9354248046875,250.8623452758789,-0.02079033873039693,0.020384018861815477,GOOGL
2025-11-10,289.7064208984375,290.40545290698407,282.47622284552773,284.03413439651047,29557300,280.0156005859375,252.40785064697266,0.04041896889680907,0.021115952030595603,GOOGL
2025-11-11,290.9147644042969,291.5239526379353,286.9301875660949,287.3595968518003,19842100,282.3963623046875,254.00865234375,0.004170924144905275,0.020567448529437107,GOOGL
2025-11-12,286.3210144042969,291.613842224268,283.30512258449664,291.2842728658537,24829900,283.6087127685547,255.1322479248047,-0.015790707664516734,0.020855830375077627,GOOGL
2025-11-13,278.19207763671875,282.45627365196606,276.8638649512614,281.9569519907634,29494000,283.31810607910154,256.0605386352539,-0.0283909889900702,0.021821959050885936,GOOGL
2025-11-14,276.0350036621094,278.1820807042813,270.3327588398133,271.04178706348836,31647200,282.84075317382815,256.8918090820313,-0.0077539015234869835,0.021932267396164332,GOOGL
2025-11-17,284.63330078125,293.55120856159544,283.1852862901624,285.392279437324,52670200,282.9705749511719,257.91002563476565,0.031149299925982143,0.024119705023354233,GOOGL
2025-11-18,283.8943176269531,288.4081743957296,277.8225797399186,287.52939388700526,49158700,283.64365844726564,258.80181396484375,-0.0025962638674692506,0.022861415646183398,GOOGL
2025-11-19,292.4127502441406,303.39782684502376,286.2411417953812,286.77042153983126,68198900,284.4925048828125,259.87315856933594,0.030005646778675565,0.02351450862421192,GOOGL
2025-11-20,289.05731201171875,306.0042898345543,288.2783714658303,304.1268355762142,62025200,284.961865234375,260.85342681884765,-0.011475006577587155,0.02397215593564532,GOOGL
2025-11-21,299.2534484863281,303.50767860502685,293.4513334764558,296.0178540164301,74137700,287.042041015625,262.02902954101563,0.03527375385749121,0.024624295268813087,GOOGL
2025-11-24,318.14776611328125,319.0465694557707,309.17996886834777,310.70789188393536,85165100,289.88617553710935,263.3666119384766,0.063138178432107,0.02870826849288356,GOOGL
2025-11-25,323.0011901855469,328.3838617048627,317.2190369667809,325.767421144808,88632100,293.0948181152344,264.8102505493164,0.015255251141815362,0.028681906104792935,GOOGL
2025-11-26,319.5159606933594,324.0597758686898,316.36024396458464,320.2449508538883,51373400,296.4143127441406,266.2167404174805,-0.0107901444269769,0.028204842621822497,GOOGL
2025-11-28,319.74560546875,326.40656970987055,316.3602205188893,322.9312800436979,26018600,300.5696655273438,267.5778909301758,0.000718727086097104,0.02495934430448891,GOOGL
2025-12-01,314.4627990722656,319.41606123931075,313.46415578589995,317.26898426885936,41183000,304.4124450683594,268.779658203125,-0.016521904620830474,0.025954054886694805,GOOGL
2025-12-02,315.38153076171875,317.948051296999,313.4841146313127,316.3102616947243,35854700,307.4872680664063,270.04354064941407,0.0029215910185993454,0.025338782579038537,GOOGL
2025-12-03,319.1963806152344,321.14371687287894,313.67388407801036,315.4614642178001,41838300,311.01747436523436,271.40109649658206,0.012095983694105028,0.02491140232251127,GOOGL
2025-12-04,317.1890869140625,321.92264650582644,314.27306548179905,321.7928484740126,31240900,313.49510803222654,272.80878387451173,-0.006288585407212111,0.02464922617511624,GOOGL
2025-12-05,320.8341064453125,322.72155681925386,318.73697999805336,319.05652267664885,28851700,316.67278747558595,274.31633544921874,0.01149162969858919,0.023637420692974247,GOOGL
2025-12-08,313.49932861328125,320.21460294317257,311.0010871288888,319.82486263347363,33909400,318.0973754882813,275.6622116088867,-0.022861590101180496,0.02407514160020231,GOOGL
2025-12-09,316.85693359375,317.7662971049956,311.6805848338384,312.15025542764414,30194000,317.9682922363281,277.1249722290039,0.010710086670107533,0.013272284538488036,GOOGL
2025-12-10,319.9847412109375,321.0839735202244,314.45863248382005,315.6078174223929,33428900,317.66664733886716,278.6692630004883,0.009871356077685745,0.01266528167971198,GOOGL
2025-12-11,312.210205078125,320.8940942947929,308.3829128168011,319.85481737290655,42353700,316.9360717773437,280.02211212158204,-0.024296583966444296,0.0144374697117689,GOOGL
2025-12-12,309.07244873046875,314.6485102459599,305.34506149685063,313.47935032153816,35940200,315.86875610351564,281.2964273071289,-0.010050140247244932,0.014595016632721306,GOOGL
2025-12-15,308.003173828125,311.2009348824072,304.66552711937686,311.1009991314403,29151900,315.22279357910156,282.55614807128904,-0.003459625426775692,0.013844723475832084,GOOGL
2025-12-16,306.3543395996094,310.5513666605185,302.37712849550337,304.7354841263937,30585000,314.3200744628906,283.6814300537109,-0.005353302720950914,0.013765837249109578,GOOGL
2025-12-17,296.5112609863281,307.87325739956634,295.9116769824828,307.7933270972379,43930400,312.0515625,284.7031237792969,-0.03212971824112465,0.015445208180082272,GOOGL
2025-12-18,302.2472229003906,303.7461677101471,299.0195145942255,301.50775321966603,33518000,310.5573760986328,285.8623056030273,0.01934483666819986,0.017597219921880188,GOOGL
2025-12-19,306.9439392089844,307.03387224107576,300.7582909786616,301.5177661333593,59943200,309.168359375,287.17713806152346,0.015539319976288546,0.01805105739304067,GOOGL
2025-12-22,309.56207275390625,309.9118326328777,305.0852133945127,309.66200850448513,26429900,308.7746337890625,288.6433984375,0.008529679887698594,0.017166238024559296,GOOGL
2025-12-23,314.1288757324219,314.7184570357758,309.1024153195162,309.41219480947996,25478700,308.5018280029297,290.04960052490236,0.014752462851436388,0.017519968504460214,GOOGL
2025-12-24,313.8690490722656,314.8583428959372,311.70059264113144,314.5485634057752,10097400,307.8902587890625,291.42464141845704,-0.0008271339575212089,0.017123154881972132,GOOGL
2025-12-26,313.2894592285156,314.86833429915043,312.0603135401851,314.25877806497726,10899000,307.99818420410156,292.6766418457031,-0.0018465976351066393,0.01521002597681682,GOOGL
2025-12-29,313.33941650390625,313.79908436732376,310.4014822754237,311.15095467052413,19621800,308.4248809814453,293.9210531616211,0.00015946044119585778,0.014762988000043581,GOOGL
2025-12-30,313.6292419433594,316.72706748217655,312.24020504037514,312.28018544302313,17380900,308.98748779296875,295.13451080322267,0.0009249568493068239,0.014665066254069763,GOOGL
2025-12-31,312.7798156738281,314.3586907819443,311.22091551782626,312.62992729269524,16377700,309.6300354003906,296.26606842041014,-0.0027083771406897217,0.014542867609940276,GOOGL
2026-01-02,314.9283142089844,322.2731502440002,310.11169732658084,316.67708324131615,32009400,311.47174072265625,297.56223052978515,0.006869044700111848,0.008142287785416735,GOOGL
2026-01-05,316.3173522949219,318.79558832967825,314.4086921415047,317.4365596004392,30195600,312.8787536621094,298.8616067504883,0.004410648465910105,0.006675105300627968,GOOGL
2026-01-06,314.1188659667969,320.71422913013345,311.5606693028291,316.17741436833177,31212100,313.59624633789065,300.0892510986328,-0.00695025521734649,0.006353396742568444,GOOGL
2026-01-07,321.7535095214844,325.9205589972494,313.96898096999803,314.13884430323384,35104400,314.8153900146484,301.3329730224609,0.02430495071090233,0.009326327973825002,GOOGL
2026-01-08,325.2110595703125,330.0876314322289,321.2738288701313,328.7385750407063,31896100,315.9236083984375,302.45910095214845,0.010745959085171286,0.008884324422006111,GOOGL
2026-01-09,328.3388671875,330.5972566011106,325.5707962902668,326.8598973489763,26214200,317.37059020996094,303.6837353515625,0.009617777517530124,0.008931851943486516,GOOGL
2026-01-12,331.62652587890625,333.80501545240315,324.77136644379436,325.57079145505844,33923900,319.204296875,304.83231567382813,0.010013004916438417,0.008773694064462977,GOOGL
2026-01-13,335.7336730957031,340.25048265726696,333.38532003422745,334.7144015630273,33517600,321.4437225341797,305.9250262451172,0.012384857350936418,0.008761636147833282,GOOGL
2026-01-14,335.603759765625,336.2832741209541,330.2475447349911,334.8243096530742,28525600,323.64117431640625,307.0209307861328,-0.00038695353039874814,0.008871199209701697,GOOGL
2026-01-15,332.5458984375,337.4524480652932,330.507324974913,337.4124676651339,28442400,325.61778259277344,308.00514709472657,-0.0091115228573736,0.009816855713988139,GOOGL
2026-01-16,329.7678527832031,334.4145755186536,327.46948297740045,334.1747541117482,40341600,327.1017364501953,309.05723449707034,-0.008353871352345,0.01082803820511315,GOOGL
2026-01-20,321.77349853515625,327.49947891315526,320.20459558658575,320.6442885211675,35361000,327.64735107421876,309.81421875,-0.024242369838586297,0.014176782417969894,GOOGL
2026-01-21,328.1490173339844,332.24613943011235,319.12537039479025,320.6942733516965,35386600,329.0503662109375,310.68992492675784,0.019813685178711404,0.014851150267376014,GOOGL
2026-01-22,330.3074951171875,334.9142376434696,328.5187457270175,334.2147483456718,26253600,329.9057647705078,311.727041015625,0.006577736544023383,0.013186293582847262,GOOGL
2026-01-23,327.6993103027344,333.45526818914374,327.21966747627397,332.25610013077164,27280000,330.15458984375,312.4868988037109,-0.007896232610549059,0.013240980083249336,GOOGL
2026-01-26,333.02557373046875,335.60374537803585,326.7699676491338,327.5793954045391,26042100,330.6232604980469,313.32911499023436,0.01625350820181426,0.013880498569254942,GOOGL
2026-01-27,334.31463623046875,337.6722883721735,333.2454121385867,335.1340666902067,21636200,330.89207153320314,314.2889874267578,0.0038707612918738032,0.01359515596225879,GOOGL
2026-01-28,335.7736511230469,337.30257365930305,331.7065067534381,335.82360375323316,27434400,330.8960693359375,315.44061889648435,0.004364196880606519,0.013068090852736787,GOOGL
2026-01-29,338.0120544433594,342.0492210013424,326.3103005061971,340.06060015063264,39785600,331.13689880371095,316.6801599121094,0.006666405517007812,0.013228912902632404,GOOGL
2026-01-30,337.7622375488281,339.76083067041884,332.0562627255977,339.76083067041884,31024000,331.6585327148438,317.74273864746095,-0.0007390768797954639,0.012789989746842107,GOOGL
2026-02-02,343.4482421875,344.5874244246442,335.3939142353609,335.983495554882,32006100,333.0265716552734,318.9338171386719,0.01683434086633162,0.013081921199448539,GOOGL
2026-02-03,339.47100830078125,348.7544814019383,337.2325938809106,347.09564553860224,36506700,334.79632263183595,319.8749822998047,-0.011580300604792315,0.010357527424206644,GOOGL
2026-02-04,332.80572509765625,343.0684894885568,328.2888852617291,342.7187296036167,70618400,335.2619934082031,320.74995056152346,-0.01963432234313034,0.011691192272300734,GOOGL
2026-02-05,331.0169677734375,332.45595718246585,306.24439883874277,312.0003564748562,88205800,335.33294067382815,321.3852209472656,-0.005374779306136834,0.011722116974282002,GOOGL
2026-02-06,322.63287353515625,330.147603202773,319.694969697787,326.94984200428365,56380500,334.8262969970703,321.4749230957031,-0.02532829146093707,0.014122852314260068,GOOGL
2026-02-09,324.09185791015625,327.4694850607409,317.03682684844796,320.70422803551696,39640100,333.93292541503905,321.4967364501953,0.004522119395378388,0.0129236688086228,GOOGL
2026-02-10,318.3558654785156,321.4437184993816,314.38865715458337,320.7441987510988,39170000,332.33704833984376,321.4735345458984,-0.017698662560139744,0.013503270321183094,GOOGL
2026-02-11,310.7412414550781,320.8341425405983,309.44216816023624,318.7456164455411,45406400,329.83380737304685,321.293447265625,-0.023918591893986596,0.01430916619931403,GOOGL
2026-02-12,308.7826232910156,316.0175203045161,306.9839017615506,311.87044586439265,47761300,326.9108642578125,321.17984375,-0.006303051873291943,0.013430685105192231,GOOGL
2026-02-13,305.50494384765625,308.41290048065196,303.4963480144474,307.5135396808651,38499700,323.6851348876953,320.98231201171876,-0.010614844217675667,0.01312165689172468,GOOGL
2026-02-17,301.8075256347656,304.22583664461854,296.04159566157676,299.82893803190484,39247600,319.52106323242185,320.63453491210936,-0.012102646085931701,0.00916172503523775,GOOGL
2026-02-18,303.1166076660156,305.1651838815364,301.0380842700908,301.87748970860525,28482100,315.8856231689453,320.35308532714845,0.004337473124623736,0.010658376232764633,GOOGL
2026-02-19,302.636962890625,305.25511494304027,299.828942056139,301.6076886754516,25834400,312.8687469482422,319.9891424560547,-0.0015823770894107803,0.010601885631718797,GOOGL
2026-02-20,314.7584228515625,316.2773425544253,303.68620054308417,304.1059184917761,53210800,311.2428924560547,320.01432434082034,0.040052807314611805,0.018959574856430073,GOOGL
2026-02-23,311.2708740234375,319.29522413676915,309.65201848441603,318.82555353627805,31423000,310.1066925048828,319.90260314941406,-0.011080081023819632,0.01774739224820924,GOOGL
2026-02-24,310.6813049316406,312.05033638585,305.71479964031533,310.3015673465962,25615600,308.76563720703126,319.71653442382814,-0.0018940708591722588,0.017542401873594404,GOOGL
2026-02-25,312.67987060546875,313.4193707572093,309.22231323387047,311.84046520002283,29963600,308.1980377197266,319.725927734375,0.00643284820201151,0.017115494347591888,GOOGL
2026-02-26,307.1637878417969,312.9197459051382,302.1373272609355,312.42009761480955,36431200,307.8402923583984,319.68775451660156,-0.017641310753361283,0.01630463239924114,GOOGL
2026-02-27,311.54071044921875,312.1502667227519,303.5862877430576,303.92607541564644,44640600,308.11610107421876,319.7585052490234,0.014249474647304972,0.01685354401538595,GOOGL
2026-03-02,306.3043518066406,308.27296712894787,301.088022863519,303.0166882830762,34790200,308.1960418701172,319.75750549316405,-0.016807943446709328,0.017432266093786668,GOOGL
2026-03-03,303.3664245605469,303.72618716624237,296.5012623376298,298.37994467731505,35497000,308.3519317626953,319.8946087646484,-0.009591529564517476,0.01724933826875161,GOOGL
2026-03-04,302.9167785644531,305.2551289128473,300.5384478137644,302.6769571429086,29536200,308.3319488525391,319.9079998779297,-0.0014821877429089803,0.017209139036929128,GOOGL
2026-03-05,300.6683349609375,303.08661540637286,297.78035344585857,302.82681905445145,35752300,308.1350860595703,319.78248779296877,-0.007422644642436693,0.017369631454578732,GOOGL
2026-03-06,298.30999755859375,300.31859339921897,294.97235071392555,295.88171424137005,25576900,306.49024353027346,319.5574462890625,-0.007843650721151452,0.009964158700079004,GOOGL
2026-03-09,306.3599853515625,306.79998779296875,294.0799865722656,294.3599853515625,29312100,305.99915466308596,319.4020684814453,0.026985310109787886,0.013977012989181957,GOOGL
2026-03-10,307.0400085449219,309.510009765625,305.57000732421875,306.1700134277344,23239700,305.63502502441406,319.26548767089844,0.002219686727622072,0.014024634783850302,GOOGL
2026-03-11,308.70001220703125,311.4200134277344,305.9200134277344,306.75,24125700,305.23703918457034,319.17369873046874,0.0054064734754804,0.013967098663623253,GOOGL
2026-03-12,303.54998779296875,308.94000244140625,301.0299987792969,306.82000732421875,24928300,304.8756591796875,318.97791015625,-0.016682942048633964,0.013844444593981205,GOOGL
2026-03-13,302.2799987792969,307.69000244140625,300.44000244140625,307.010009765625,23693100,303.9495880126953,318.75092529296876,-0.004183788716005665,0.012758672206297492,GOOGL
2026-03-16,305.55999755859375,306.489990234375,303.0199890136719,304.3500061035156,23519700,303.8751525878906,318.60652893066407,0.010850862751563328,0.012411635783785211,GOOGL
2026-03-17,310.9200134277344,311.4200134277344,305.5,305.8599853515625,21955200,304.63051147460936,318.52636291503904,0.01754161510658081,0.013072425008576404,GOOGL
2026-03-18,307.69000244140625,312.4700012207031,306.92999267578125,309.2699890136719,20009800,305.1078338623047,318.35381591796875,-0.010388559265513075,0.013666715033306206,GOOGL
2026-03-19,307.1300048828125,308.05999755859375,302.3500061035156,304.010009765625,25075800,305.7540008544922,318.21403869628904,-0.0018200057010314685,0.013365048795101564,GOOGL
2026-03-20,301.0,306.0,298.2699890136719,305.4599914550781,44364100,306.0230010986328,317.79896850585936,-0.019958990607744198,0.014844731678614139,GOOGL
2026-03-23,302.05999755859375,305.9800109863281,300.92999267578125,302.1099853515625,29326900,305.59300231933594,317.335947265625,0.00352158657340107,0.011828494707178517,GOOGL
2026-03-24,290.44000244140625,299.9200134277344,290.3299865722656,299.20001220703125,36776800,303.93300170898436,316.5779699707031,-0.03846916245483134,0.01652876019098257,GOOGL
2026-03-25,291.125,296.0,289.239990234375,293.44000244140625,17355943,302.1755004882813,315.767939453125,0.002358482140324192,0.016333921315699176,GOOGL
2025-06-09,1443.0367431640625,1451.70208605586,1439.5506661134996,1451.204075048637,7885125,1419.44091796875,1348.6805078125,0.003671726306536005,0.007751122144074393,RELIANCE.NS
2025-06-10,1432.777587890625,1448.1163503747662,1430.2875329933524,1444.2318404180787,7913181,1421.0743896484375,1351.7293310546875,-0.007109420686643664,0.007521322949416152,RELIANCE.NS
2025-06-11,1443.13623046875,1462.7578142878924,1437.3592545136698,1440.0485867347081,8195700,1424.66005859375,1355.2323388671875,0.007229763129792621,0.0072161572972513875,RELIANCE.NS
2025-06-12,1435.865234375,1451.2039968882907,1428.6939248911115,1447.7179200254843,8828114,1427.0305786132812,1358.4873388671874,-0.0050383296741072225,0.00758678478977623,RELIANCE.NS
2025-06-13,1422.2198486328125,1429.7895915718395,1408.6739736495979,1418.335338487147,9757276,1427.7277954101562,1361.5311840820314,-0.009503249619472132,0.008362986382988706,RELIANCE.NS
2025-06-16,1432.0804443359375,1436.6621211041454,1418.7337255535563,1421.223780491138,8458093,1430.1282104492188,1365.2204516601562,0.006933242924857197,0.008332644413316933,RELIANCE.NS
2025-06-17,1425.506591796875,1442.2398094911548,1420.12817043809,1442.2398094911548,10366599,1432.6879760742188,1368.8071240234376,-0.004590421274910161,0.008219276410593364,RELIANCE.NS
2025-06-18,1424.4110107421875,1437.0605628519918,1420.028489708749,1424.3114328610282,6681735,1433.3453491210937,1372.4206909179688,-0.000768555586478592,0.007274168078665186,RELIANCE.NS
2025-06-19,1427.598388671875,1434.1721095891817,1420.0285241646616,1424.4110453044384,10007230,1432.4389770507812,1376.9745068359375,0.002237681333301822,0.005807080537316974,RELIANCE.NS
2025-06-20,1460.367431640625,1465.148385952672,1422.4190171371765,1425.3075053013417,29010635,1434.699951171875,1382.9606005859375,0.022953964664555127,0.00947489743807121,RELIANCE.NS
2025-06-23,1451.0048828125,1457.9770367383994,1436.2637087352834,1447.2199506188397,5989078,1435.4967651367188,1388.4307543945313,-0.006411091226272259,0.009762259640891955,RELIANCE.NS
2025-06-24,1445.0286865234375,1469.1323689599471,1437.359244595668,1459.1721495093714,16402744,1436.721875,1393.7186352539063,-0.0041186603572820335,0.00954341698677659,RELIANCE.NS
2025-06-25,1461.463134765625,1466.5428226679085,1454.690136506102,1458.1762135192969,7525851,1438.5545654296875,1398.66587890625,0.0113730948011328,0.009931191363420048,RELIANCE.NS
2025-06-26,1489.3516845703125,1492.8377614283193,1459.2717484446844,1463.2558362824063,14657893,1443.9032104492187,1403.7495751953124,0.019082622846425812,0.011081495047635033,RELIANCE.NS
2025-06-27,1509.3717041015625,1515.9454247275912,1490.9452978220222,1493.4353527246628,11117052,1452.6183959960938,1409.2496069335937,0.013442103526425164,0.0103937161592275,RELIANCE.NS
2025-06-30,1494.630615234375,1518.734421010171,1490.0489382705405,1507.7781788170053,8409527,1458.8734130859375,1413.7536181640626,-0.00976637419870141,0.011511015983028295,RELIANCE.NS
2025-07-01,1522.320068359375,1525.3081343971446,1494.132596769193,1494.630607775488,10368523,1468.5547607421875,1418.3930908203124,0.018525950721715922,0.011834153174948465,RELIANCE.NS
2025-07-02,1512.75830078125,1523.9136988316197,1502.6983810571346,1522.3200879079554,6361002,1477.3894897460937,1422.9269848632812,-0.006281049417176665,0.01233612077728446,RELIANCE.NS
2025-07-03,1511.76220703125,1525.8060926058627,1506.9812529023668,1514.7502729656235,11283291,1485.8058715820312,1427.2656567382812,-0.0006584619297647087,0.012470238219870484,RELIANCE.NS
2025-07-04,1521.2244873046875,1523.913698138102,1511.1645675851503,1517.9375659885409,6603501,1491.8915771484376,1431.7617016601562,0.0062591062466228475,0.010944894712415896,RELIANCE.NS
2025-07-07,1535.367919921875,1538.65484117058,1518.933556847784,1520.5271677380254,7251074,1500.327880859375,1436.5645190429686,0.009297400045306103,0.010373929099984972,RELIANCE.NS
2025-07-08,1531.4833984375,1538.7544076502807,1524.1128113419518,1529.8897875590692,7171261,1508.9733520507812,1439.9270874023437,-0.0025300264737670997,0.010217583065004756,RELIANCE.NS
2025-07-09,1512.9573974609375,1544.8301010282516,1504.0927774643353,1530.586937987722,8870660,1514.1227783203126,1442.3035961914063,-0.012096769051145873,0.01143696042380193,RELIANCE.NS
2025-07-10,1511.16455078125,1518.6347158851345,1501.5031858807802,1513.654605815878,10047129,1516.3040649414063,1444.5386694335937,-0.0011849948205391314,0.010090714567381233,RELIANCE.NS
2025-07-11,1489.2520751953125,1508.9733598189127,1484.3716645666439,1505.9852937598653,7234991,1514.2921020507813,1446.0406689453125,-0.014500390162414223,0.01028354409580822,RELIANCE.NS
2025-07-14,1477.7977294921875,1494.0329360309418,1473.2160528053016,1486.263916129696,10311846,1512.6088134765625,1447.0844970703124,-0.007691341105986238,0.010113104604567418,RELIANCE.NS
2025-07-15,1479.4910888671875,1490.5469086437597,1476.503022895967,1480.2878335086834,8132454,1508.3259155273438,1448.369365234375,0.001145866813303309,0.007532284937220529,RELIANCE.NS
2025-07-16,1479.690185546875,1485.068728397248,1465.6463003598592,1467.1403332858122,10409983,1505.0191040039062,1449.9550317382811,0.000134571057024635,0.007478150599324876,RELIANCE.NS
2025-07-17,1470.52685546875,1483.674296790977,1468.0368005528198,1481.4830970988435,11854613,1500.8955688476562,1451.337509765625,-0.006192735592645882,0.007557197179272464,RELIANCE.NS
2025-07-18,1470.12841796875,1478.8934598804974,1463.2558421043927,1478.8934598804974,10296318,1495.7859619140625,1453.3056494140626,-0.0002709488089376322,0.00695143741420976,RELIANCE.NS
2025-07-21,1422.9169921875,1470.128458883213,1417.4388712363768,1459.1722169809668,22442744,1484.540869140625,1453.1482788085937,-0.032113810742112725,0.010152113851236351,RELIANCE.NS
2025-07-22,1407.179931640625,1426.2039275426996,1405.0881881707605,1421.721828538219,20396320,1472.1105224609375,1453.0905126953126,-0.011059717912765832,0.010043081438187119,RELIANCE.NS
2025-07-23,1418.932861328125,1420.3273163904719,1408.7734859597779,1420.3273163904719,8354596,1462.7080688476562,1453.0944946289062,0.008352115762336965,0.01121620255871208,RELIANCE.NS
2025-07-24,1397.3192138671875,1417.3392306864348,1390.4466381154343,1413.554298653669,14740507,1451.32353515625,1452.0725756835936,-0.015232325679389147,0.011377598469883511,RELIANCE.NS
2025-07-25,1386.1636962890625,1395.4267490386208,1378.593953801798,1393.3351272649268,11854722,1441.014697265625,1450.783720703125,-0.007983514051346452,0.011131509866663761,RELIANCE.NS
2025-07-28,1382.080078125,1402.199795115413,1379.490445288333,1386.7614543919697,7748361,1431.4429321289062,1449.7239526367186,-0.002945985510221405,0.011203993580895442,RELIANCE.NS
2025-07-29,1411.4627685546875,1414.550412474214,1377.4984422704579,1377.4984422704579,10750072,1424.6401000976562,1449.57455078125,0.02125975975975969,0.014166258318144075,RELIANCE.NS
2025-07-30,1404.4906005859375,1417.6381639620695,1395.7256799199,1412.458776601272,7209849,1417.1201416015624,1449.194072265625,-0.004939675437482083,0.014068155207651489,RELIANCE.NS
2025-07-31,1384.669677734375,1397.0203743336986,1376.7015020683227,1382.5780559389787,17065827,1408.534423828125,1448.8115966796875,-0.014112535066659326,0.014355701177807005,RELIANCE.NS
2025-08-01,1388.15576171875,1400.3073026227253,1378.7932525308158,1381.3828853186424,10321171,1400.337158203125,1448.1522265625,0.0025176286015586857,0.014503616617485976,RELIANCE.NS
2025-08-04,1405.885009765625,1410.466686507784,1386.1637261382157,1389.5502251510159,6312820,1398.6339599609375,1447.6880786132813,0.012771800208446038,0.012149896064055149,RELIANCE.NS
2025-08-05,1386.1636962890625,1405.38696851784,1382.5780415934858,1405.38696851784,9315972,1396.5323364257813,1447.0824951171876,-0.014027686005308682,0.012451715128863191,RELIANCE.NS
2025-08-06,1387.259521484375,1390.3471654369864,1377.797312271222,1386.3630773472378,5834312,1393.3650024414062,1446.6820947265626,0.0007905453001302298,0.012013275346135662,RELIANCE.NS
2025-08-07,1383.8729248046875,1388.1557462486337,1360.5659868045632,1382.1796145349972,9976705,1392.0203735351563,1446.1163525390625,-0.0024412135056487427,0.011117922169748207,RELIANCE.NS
2025-08-08,1362.35888671875,1391.6418351007062,1359.569976594415,1379.4904158119157,8793606,1389.639892578125,1445.0585766601562,-0.015546252622128498,0.011883336038536198,RELIANCE.NS
2025-08-11,1380.6856689453125,1382.4785572067015,1355.7851185633474,1364.5501609316866,9997486,1389.5004516601562,1444.5107641601562,0.01345224258102995,0.012784541168614124,RELIANCE.NS
2025-08-12,1374.9088134765625,1396.3232867936674,1369.7294260490362,1376.4028464986861,12244664,1385.8450561523437,1444.01076171875,-0.004184048258546014,0.010383690199949646,RELIANCE.NS
2025-08-13,1377.0999755859375,1386.2634508216695,1372.0202877666845,1382.4785186353236,7457021,1383.1059936523438,1443.196015625,0.001593678131886156,0.010423619882227493,RELIANCE.NS
2025-08-14,1373.800048828125,1380.699951171875,1370.0999755859375,1377.300048828125,7126128,1382.0190307617188,1441.9387744140624,-0.0023962869917331098,0.009520010359284445,RELIANCE.NS
2025-08-18,1381.699951171875,1394.9000244140625,1377.0,1390.0,11785109,1381.3734497070313,1440.8176196289062,0.005750401851047249,0.009696439554780124,RELIANCE.NS
2025-08-19,1420.0999755859375,1421.0,1389.0999755859375,1390.0,14384719,1382.7949462890624,1440.3588842773438,0.027791869270527236,0.012673790950920099,RELIANCE.NS
2025-08-20,1413.0,1424.9000244140625,1410.0,1413.0,8725641,1385.4785766601562,1439.9633325195311,-0.0049996308062804085,0.011767300239225429,RELIANCE.NS
2025-08-21,1424.800048828125,1431.9000244140625,1420.300048828125,1425.0,11021323,1389.2326293945312,1439.5966088867187,0.00835106074177272,0.011924142518196805,RELIANCE.NS
2025-08-22,1409.199951171875,1423.4000244140625,1407.9000244140625,1420.0,5818868,1391.76533203125,1439.0633032226563,-0.010948973274587437,0.012617991750644087,RELIANCE.NS
2025-08-25,1412.5999755859375,1419.5,1405.699951171875,1414.699951171875,5979407,1396.7894409179687,1438.8709057617189,0.0024127338432242684,0.011040583494105654,RELIANCE.NS
2025-08-26,1384.9000244140625,1410.0,1381.5999755859375,1408.0,12145259,1397.2108764648438,1437.9272973632812,-0.01960919697764063,0.01262619341434564,RELIANCE.NS
2025-08-28,1385.9000244140625,1392.199951171875,1366.5,1389.9000244140625,13161813,1398.3099975585938,1437.135166015625,0.0007220737832127622,0.012524216486804598,RELIANCE.NS
2025-08-29,1357.199951171875,1403.5,1350.0,1381.0999755859375,18758842,1396.3199951171875,1435.7909448242187,-0.02070861731481788,0.014247548808714337,RELIANCE.NS
2025-09-01,1353.9000244140625,1363.199951171875,1340.5999755859375,1356.0,11232238,1394.3299926757813,1434.3169775390625,-0.002431422691227758,0.014247836143753896,RELIANCE.NS
2025-09-02,1366.5,1384.5,1354.5,1354.800048828125,11517006,1392.8099975585938,1432.43962890625,0.009306429838784158,0.01448757115860521,RELIANCE.NS
2025-09-03,1372.5999755859375,1376.5,1360.5,1369.699951171875,7847563,1388.0599975585938,1430.8715307617188,0.004463941153265649,0.010723498613575626,RELIANCE.NS
2025-09-04,1359.300048828125,1374.0,1357.0999755859375,1371.800048828125,13223177,1382.6900024414062,1429.1569580078126,-0.009689586911244885,0.01090496875184512,RELIANCE.NS
2025-09-05,1375.0,1381.0,1359.300048828125,1363.0,5777575,1377.7099975585938,1427.4276953125,0.011550026195769059,0.01133970874674395,RELIANCE.NS
2025-09-08,1378.5,1386.0,1372.4000244140625,1380.0,6986720,1374.6400024414063,1425.2106616210938,0.0025454545454546285,0.011155314549209037,RELIANCE.NS
2025-09-09,1376.199951171875,1381.199951171875,1368.699951171875,1376.5999755859375,9754452,1371.0,1422.5472265625,-0.0016685156533369216,0.011044191458382662,RELIANCE.NS
2025-09-10,1377.0,1388.5,1374.0999755859375,1383.9000244140625,7790815,1370.2099975585938,1420.1946142578124,0.0005813463570054633,0.009284809608324276,RELIANCE.NS
2025-09-11,1383.300048828125,1385.5,1375.0,1376.0,9766072,1369.95,1417.4142138671875,0.0045751988584785686,0.009421619128297606,RELIANCE.NS
2025-09-12,1395.0,1396.300048828125,1380.5,1383.300048828125,7403368,1373.7300048828124,1415.0590478515626,0.008457999536533478,0.0063694796196482545,RELIANCE.NS
2025-09-15,1399.300048828125,1400.800048828125,1388.5999755859375,1393.0,5396697,1378.2700073242188,1412.8098046875,0.0030824722782258895,0.00610232232460927,RELIANCE.NS
2025-09-16,1405.300048828125,1408.0,1398.199951171875,1404.699951171875,8686961,1382.1500122070313,1410.4913159179687,0.004287858065198158,0.005751624161323972,RELIANCE.NS
2025-09-17,1413.800048828125,1416.199951171875,1406.9000244140625,1407.0,7519417,1386.27001953125,1408.0599584960937,0.006048530352708692,0.005823370283234135,RELIANCE.NS
2025-09-18,1415.0,1422.0,1410.699951171875,1420.4000244140625,9332642,1391.8400146484375,1405.7302905273436,0.0008487417813216602,0.003918397396098422,RELIANCE.NS
2025-09-19,1407.4000244140625,1417.0,1403.5999755859375,1414.9000244140625,13461373,1395.0800170898438,1403.6191430664062,-0.005371007481227874,0.003963884051404094,RELIANCE.NS
2025-09-22,1390.5999755859375,1410.699951171875,1388.0,1403.9000244140625,7757970,1396.2900146484376,1401.2078515625,-0.011936939417859782,0.006001774506774693,RELIANCE.NS
2025-09-23,1389.800048828125,1395.0,1376.800048828125,1391.0,14014702,1397.6500244140625,1399.2188110351562,-0.0005752385818038608,0.005959789596993086,RELIANCE.NS
2025-09-24,1383.0,1396.0,1380.4000244140625,1385.300048828125,5922759,1398.2500244140624,1397.3228564453125,-0.0048928252908457814,0.006246991766381741,RELIANCE.NS
2025-09-25,1372.4000244140625,1384.5,1369.0,1381.300048828125,11411143,1397.1600219726563,1395.18103515625,-0.007664479816296144,0.00654158818124918,RELIANCE.NS
2025-09-26,1377.5999755859375,1382.699951171875,1366.0,1372.0,9879109,1395.42001953125,1393.1392309570313,0.0037889471578049783,0.005949467754168182,RELIANCE.NS
2025-09-29,1372.800048828125,1389.0,1368.0,1381.5999755859375,14231999,1392.77001953125,1391.1846948242187,-0.003484267452727674,0.005779536245059497,RELIANCE.NS
2025-09-30,1364.0,1377.0999755859375,1362.800048828125,1377.0999755859375,14604684,1388.6400146484375,1389.0621264648437,-0.00641029175052632,0.005490810315126795,RELIANCE.NS
2025-10-01,1368.699951171875,1378.5999755859375,1362.699951171875,1367.0,12045916,1384.1300048828125,1387.9777856445312,0.0034457120028408283,0.005060935603859871,RELIANCE.NS
2025-10-03,1363.4000244140625,1371.5999755859375,1356.9000244140625,1363.199951171875,12842347,1378.9700073242188,1387.1021875,-0.003872234198061264,0.004854675231483391,RELIANCE.NS
2025-10-06,1375.0,1377.4000244140625,1359.0,1360.0,12396580,1375.7300048828124,1386.2235302734375,0.008508123352075403,0.0061374790175715175,RELIANCE.NS
2025-10-07,1384.800048828125,1395.9000244140625,1375.9000244140625,1376.0,11244040,1375.1500122070313,1385.9731469726562,0.007127308238636276,0.005764193132016278,RELIANCE.NS
2025-10-08,1367.4000244140625,1389.0,1364.5,1384.800048828125,8525081,1372.910009765625,1385.5978735351562,-0.012565008521473686,0.006932567555787363,RELIANCE.NS
2025-10-09,1377.800048828125,1380.0,1369.0999755859375,1374.0,8826633,1372.3900146484375,1385.5122729492186,0.00760569272222944,0.007385216134261567,RELIANCE.NS
2025-10-10,1381.699951171875,1388.0,1375.0999755859375,1377.800048828125,6373084,1373.3200073242188,1384.9170166015624,0.002830528527754783,0.006964317058006742,RELIANCE.NS
2025-10-13,1375.0,1377.699951171875,1367.800048828125,1376.9000244140625,7600682,1373.060009765625,1384.3272045898439,-0.00484906376828953,0.007073113122560981,RELIANCE.NS
2025-10-14,1375.9000244140625,1388.0,1370.0999755859375,1380.0,9768174,1373.3700073242187,1384.1518115234376,0.0006545632102272769,0.006977843460653112,RELIANCE.NS
2025-10-15,1374.300048828125,1384.0,1372.699951171875,1383.0,10882743,1374.4000122070313,1383.874697265625,-0.0011628574442528183,0.0066090990188005135,RELIANCE.NS
2025-10-16,1398.300048828125,1400.5,1375.0,1375.0999755859375,12315932,1377.3600219726563,1383.722998046875,0.017463435310553166,0.008465088956697897,RELIANCE.NS
2025-10-17,1416.800048828125,1423.300048828125,1399.0999755859375,1401.0,19335561,1382.7000244140625,1384.3357250976562,0.013230350678671732,0.008827696399829839,RELIANCE.NS
2025-10-20,1466.800048828125,1473.800048828125,1433.300048828125,1440.0,24721978,1391.880029296875,1385.9265356445312,0.035290794944111026,0.013310858803416566,RELIANCE.NS
2025-10-21,1465.199951171875,1474.0,1460.0,1468.0,2066169,1399.92001953125,1387.553076171875,-0.0010908764678105864,0.013524106824003892,RELIANCE.NS
2025-10-23,1448.4000244140625,1482.9000244140625,1444.5999755859375,1475.0,18707090,1408.02001953125,1389.2738989257812,-0.011465961860274265,0.013362312354414195,RELIANCE.NS
2025-10-24,1451.5999755859375,1459.800048828125,1441.0,1450.0,9700837,1415.4000122070313,1390.6921850585939,0.0022093006889927214,0.013392492849467853,RELIANCE.NS
2025-10-27,1484.0999755859375,1485.0,1458.0,1463.0,14113867,1425.6400146484375,1392.8760083007812,0.022389088279559433,0.014381637909770486,RELIANCE.NS
2025-10-28,1486.9000244140625,1492.0,1477.5999755859375,1484.0999755859375,17631577,1436.8300170898438,1395.0720092773438,0.0018866982509178065,0.013900826632381836,RELIANCE.NS
2025-10-29,1504.199951171875,1508.300048828125,1488.0999755859375,1490.0,11884745,1449.660009765625,1397.6800073242186,0.011634895738622308,0.013693488980660026,RELIANCE.NS
2025-10-30,1488.5,1503.0999755859375,1484.0,1500.0,9318663,1461.0800048828125,1399.8160083007813,-0.01043740970716267,0.014735618800083002,RELIANCE.NS
2025-10-31,1486.4000244140625,1497.5,1482.300048828125,1490.4000244140625,8758053,1469.8900024414063,1401.1420092773437,-0.0014107998561890822,0.014612856957150573,RELIANCE.NS
2025-11-03,1484.699951171875,1495.0,1479.300048828125,1486.0,8452085,1476.6799926757812,1402.5760083007813,-0.0011437521624487745,0.01455389358969968,RELIANCE.NS
2025-11-04,1473.0999755859375,1492.800048828125,1470.0999755859375,1483.9000244140625,10007806,1477.3099853515625,1403.5420068359374,-0.007813010013761779,0.010267306022842676,RELIANCE.NS
2025-11-06,1496.0999755859375,1501.5999755859375,1476.199951171875,1484.0,16772678,1480.3999877929687,1405.2800073242188,0.015613332686976289,0.011291810894264528,RELIANCE.NS
2025-11-07,1478.0,1498.4000244140625,1475.9000244140625,1494.5999755859375,7821765,1483.3599853515625,1406.5880078125,-0.012098105662256109,0.01137792365581906,RELIANCE.NS
2025-11-10,1489.300048828125,1501.0,1475.5,1477.9000244140625,7068438,1487.1299926757813,1408.6760083007812,0.007645499883710993,0.011513684072803924,RELIANCE.NS
2025-11-11,1493.4000244140625,1498.800048828125,1480.199951171875,1497.0,7127506,1488.0599975585938,1410.8260083007813,0.002752954711284339,0.009213445818388047,RELIANCE.NS
2025-11-12,1511.5,1524.699951171875,1500.0,1505.0,12384459,1490.5199951171876,1413.9120092773437,0.012119978096986506,0.009906678671949666,RELIANCE.NS
2025-11-13,1510.9000244140625,1522.0999755859375,1506.800048828125,1515.0,7196443,1491.1900024414062,1417.0520092773438,-0.0003969405133559256,0.009274641478092394,RELIANCE.NS
2025-11-14,1518.9000244140625,1520.9000244140625,1505.5,1505.5,7682823,1494.2300048828124,1420.100009765625,0.0052948572842219654,0.008519999168581155,RELIANCE.NS
2025-11-17,1518.300048828125,1523.699951171875,1511.5,1520.9000244140625,5871416,1497.4200073242187,1423.0140112304687,-0.00039500663394154145,0.008480030172981294,RELIANCE.NS
2025-11-18,1519.4000244140625,1527.800048828125,1510.5,1521.699951171875,11045042,1500.8900146484375,1426.2160107421876,0.0007244783972617519,0.008419571550022289,RELIANCE.NS
2025-11-19,1518.9000244140625,1522.300048828125,1512.0,1517.4000244140625,5692366,1505.47001953125,1429.0940112304688,-0.0003290772620546667,0.007719889168277053,RELIANCE.NS
2025-11-20,1549.0999755859375,1550.9000244140625,1526.699951171875,1530.0,18171724,1510.77001953125,1432.5060107421875,0.019882777461620593,0.00856143547594249,RELIANCE.NS
2025-11-21,1546.5999755859375,1557.800048828125,1540.0999755859375,1541.0,9615271,1517.6300170898437,1435.9140112304688,-0.0016138403197988316,0.006921141026716116,RELIANCE.NS
2025-11-24,1535.9000244140625,1550.0,1531.800048828125,1550.0,18433951,1522.2900146484376,1439.09201171875,-0.006918370193185419,0.007691202400592865,RELIANCE.NS
2025-11-25,1539.699951171875,1559.5999755859375,1525.0999755859375,1535.9000244140625,15033482,1526.9200073242187,1442.220009765625,0.002474071682668333,0.007693155051078137,RELIANCE.NS
2025-11-26,1569.9000244140625,1571.5999755859375,1540.5,1542.300048828125,14054299,1532.760009765625,1445.7180102539062,0.019614258751649682,0.008935829583338214,RELIANCE.NS
2025-11-27,1563.4000244140625,1575.5,1556.0,1575.0,9794643,1538.010009765625,1449.000009765625,-0.004140391043325198,0.009207050896683704,RELIANCE.NS
2025-11-28,1567.5,1581.300048828125,1563.0,1568.0,8959508,1542.8700073242187,1452.2440087890625,0.0026224737891213934,0.0091866166262328,RELIANCE.NS
2025-12-01,1566.0999755859375,1577.5,1563.5999755859375,1575.0,8920233,1547.65,1455.2900073242188,-0.0008931575209329967,0.00920955145631907,RELIANCE.NS
2025-12-02,1546.300048828125,1567.5,1542.0,1561.0999755859375,11389150,1550.3400024414063,1457.9160083007812,-0.012642824255459595,0.010481724565717701,RELIANCE.NS
2025-12-03,1538.800048828125,1552.4000244140625,1533.0,1545.199951171875,6090883,1552.3300048828125,1460.5440087890624,-0.004850287630582373,0.010679672988693259,RELIANCE.NS
2025-12-04,1535.5999755859375,1560.5,1517.5999755859375,1536.0,11867930,1550.9800048828124,1463.4440087890625,-0.0020795900316122884,0.008476863223481632,RELIANCE.NS
2025-12-05,1540.5999755859375,1545.800048828125,1520.5999755859375,1530.4000244140625,10183266,1550.3800048828125,1466.4600073242189,0.0032560563164194534,0.00856704984416835,RELIANCE.NS
2025-12-08,1543.0,1551.0,1535.0,1539.199951171875,11301491,1551.0900024414063,1469.6600073242187,0.0015578504816928795,0.008259397204232346,RELIANCE.NS
2025-12-09,1529.4000244140625,1542.5,1520.0999755859375,1540.300048828125,11503971,1550.060009765625,1472.8000073242188,-0.008813982881359372,0.008717071346513696,RELIANCE.NS
2025-12-10,1536.9000244140625,1547.5,1531.4000244140625,1534.0,7991629,1546.760009765625,1475.9860083007814,0.004903883797748421,0.005605905509748239,RELIANCE.NS
2025-12-11,1545.0,1550.0,1524.0,1536.9000244140625,4706197,1544.9200073242187,1479.4300073242186,0.005270333435660968,0.006002671148779817,RELIANCE.NS
2025-12-12,1556.5,1559.800048828125,1546.0999755859375,1550.800048828125,5106655,1543.8200073242188,1483.2800073242188,0.007443365695792847,0.006512739701584639,RELIANCE.NS
2025-12-15,1556.199951171875,1558.5999755859375,1546.5,1551.199951171875,5774543,1542.8300048828125,1487.0300073242188,-0.000192771492531274,0.006514016343515779,RELIANCE.NS
2025-12-16,1542.300048828125,1551.699951171875,1538.800048828125,1545.0,11731856,1542.4300048828125,1490.6080078125,-0.00893195140719727,0.0058215713591574444,RELIANCE.NS
2025-12-17,1544.4000244140625,1550.0,1539.300048828125,1550.0,7116649,1542.9900024414062,1493.9960083007813,0.001361586928259051,0.005602716724040168,RELIANCE.NS
2025-12-18,1544.4000244140625,1551.5,1535.199951171875,1535.199951171875,6580829,1543.8700073242187,1497.1880078125,0.0,0.005539622417102121,RELIANCE.NS
2025-12-19,1565.0999755859375,1574.199951171875,1551.0,1554.4000244140625,13937275,1546.3200073242188,1501.1420068359375,0.013403231575140895,0.006856091213949738,RELIANCE.NS
2025-12-22,1575.4000244140625,1577.5,1565.300048828125,1573.5,10184852,1549.560009765625,1505.0940063476562,0.006581080434985509,0.007034347707981,RELIANCE.NS
2025-12-23,1570.699951171875,1580.9000244140625,1568.0999755859375,1580.9000244140625,7506564,1553.6900024414062,1508.8740063476562,-0.0029834157479688983,0.006223933013298705,RELIANCE.NS
2025-12-24,1558.199951171875,1575.699951171875,1553.5999755859375,1572.699951171875,8815745,1555.8199951171875,1512.5380053710937,-0.00795823542916263,0.006995724316438394,RELIANCE.NS
2025-12-26,1559.199951171875,1561.0,1554.300048828125,1554.699951171875,2311495,1557.239990234375,1516.20400390625,0.0006417661605289116,0.006863010595566139,RELIANCE.NS
2025-12-29,1545.5999755859375,1558.0999755859375,1543.5999755859375,1554.9000244140625,5972105,1556.1499877929687,1519.6300024414063,-0.00872240636982824,0.007061075401725934,RELIANCE.NS
2025-12-30,1539.800048828125,1553.5999755859375,1537.800048828125,1547.0,8815884,1554.5099975585938,1522.4600024414062,-0.003752540663449322,0.0071232342625979555,RELIANCE.NS
2025-12-31,1570.4000244140625,1577.0,1541.0,1541.0,5771830,1557.3199951171875,1525.532001953125,0.019872694256131362,0.009119734271108723,RELIANCE.NS
2026-01-01,1575.5999755859375,1592.5,1571.0999755859375,1573.699951171875,6408128,1560.439990234375,1527.7080004882812,0.003311227133873107,0.009129101424701644,RELIANCE.NS
2026-01-02,1592.300048828125,1594.5999755859375,1578.199951171875,1580.0,6602230,1565.2299926757812,1530.2500024414062,0.01059918348626332,0.009474774558187371,RELIANCE.NS
2026-01-05,1578.0999755859375,1611.800048828125,1575.300048828125,1593.0,8704973,1566.5299926757812,1532.8440014648438,-0.008917963202122792,0.009406619172468808,RELIANCE.NS
2026-01-06,1507.5999755859375,1569.0,1496.300048828125,1569.0,27417125,1559.7499877929688,1533.9640014648437,-0.04467397572439846,0.01691480707131514,RELIANCE.NS
2026-01-07,1504.199951171875,1520.0,1498.0,1510.0,11199340,1553.0999877929687,1534.3660009765624,-0.002255256347255541,0.016922470970580198,RELIANCE.NS
2026-01-08,1470.5999755859375,1503.9000244140625,1468.800048828125,1500.0,16518684,1544.339990234375,1534.04,-0.02233743962015211,0.01786340761508115,RELIANCE.NS
2026-01-09,1475.300048828125,1479.9000244140625,1465.0,1465.0,8335311,1535.95,1533.462001953125,0.003196024289552124,0.0179808226918555,RELIANCE.NS
2026-01-12,1483.199951171875,1485.300048828125,1451.0,1475.300048828125,8883745,1529.7099975585938,1533.3560009765624,0.005354776711371523,0.018238239214361077,RELIANCE.NS
2026-01-13,1452.800048828125,1485.800048828125,1444.699951171875,1485.0,13499760,1521.0099975585938,1532.6840014648437,-0.020496159212876952,0.018970901763347342,RELIANCE.NS
2026-01-14,1458.800048828125,1467.0,1440.199951171875,1444.0,8321764,1509.85,1532.1660034179688,0.004129955808330088,0.017188479136649802,RELIANCE.NS
2026-01-15,1458.800048828125,1458.800048828125,1458.800048828125,1458.800048828125,0,1498.1700073242187,1531.8800048828125,0.0,0.016994092640447787,RELIANCE.NS
2026-01-16,1457.9000244140625,1480.0,1455.0999755859375,1458.800048828125,17167161,1484.7300048828124,1531.116005859375,-0.0006169621496692201,0.016005238829801538,RELIANCE.NS
2026-01-19,1413.5999755859375,1450.5999755859375,1403.300048828125,1450.5999755859375,20392765,1468.2800048828126,1529.8280053710937,-0.030386204874322198,0.01742064207746536,RELIANCE.NS
2026-01-20,1394.0,1416.0,1390.0,1410.699951171875,13189498,1456.9200073242187,1527.9220043945313,-0.01386529140099435,0.012905065516602766,RELIANCE.NS
2026-01-21,1404.5999755859375,1412.9000244140625,1373.0,1389.5,17352720,1446.960009765625,1526.1460034179688,0.0076039997029679895,0.01372045696202538,RELIANCE.NS
2026-01-22,1402.5,1419.5,1395.0,1410.0999755859375,15721693,1440.1500122070313,1523.9660034179688,-0.0014950702138959437,0.012627656158159218,RELIANCE.NS
2026-01-23,1386.0999755859375,1407.0,1381.0,1401.800048828125,9837802,1431.2300048828124,1521.4700024414062,-0.011693422042112323,0.012475648720212548,RELIANCE.NS
2026-01-27,1380.5,1391.5999755859375,1368.0,1380.0,26302396,1420.960009765625,1518.702001953125,-0.0040400950036596495,0.011851435369298783,RELIANCE.NS
2026-01-28,1396.699951171875,1409.9000244140625,1384.9000244140625,1385.0,11121657,1415.35,1516.27,0.011734843297265485,0.012177446659167309,RELIANCE.NS
2026-01-29,1391.0,1402.9000244140625,1384.0,1402.9000244140625,20846683,1408.5699951171875,1513.7019995117187,-0.004081013368041231,0.011851080255469718,RELIANCE.NS
2026-01-30,1395.4000244140625,1398.0,1378.5,1382.5999755859375,11239835,1402.2299926757812,1511.2319995117186,0.0031632094996854043,0.012030843161244906,RELIANCE.NS
2026-02-02,1390.4000244140625,1392.9000244140625,1335.5,1340.0,15711165,1395.4799926757812,1508.0580004882813,-0.003583201886569798,0.01196447899662061,RELIANCE.NS
2026-02-03,1437.0999755859375,1489.5,1430.199951171875,1473.9000244140625,25456171,1397.8299926757813,1505.8680004882813,0.0335874211391467,0.013665221357075926,RELIANCE.NS
2026-02-04,1456.800048828125,1464.0,1440.300048828125,1444.0,8333387,1404.1099975585937,1504.2860009765625,0.013708213469390218,0.012930180413797763,RELIANCE.NS
2026-02-05,1443.4000244140625,1461.5,1439.5,1457.0,11763658,1407.9900024414062,1502.3600024414063,-0.00919825917416861,0.013557131616381847,RELIANCE.NS
2026-02-06,1450.800048828125,1452.800048828125,1433.5,1441.5,8277304,1412.8200073242188,1499.9780029296876,0.00512680080982153,0.013485003606490376,RELIANCE.NS
2026-02-09,1461.5999755859375,1465.9000244140625,1453.0,1458.0,5775864,1420.3700073242187,1497.942001953125,0.007444117999951816,0.01240857159339757,RELIANCE.NS
2026-02-10,1458.5,1471.0,1452.199951171875,1471.0,10259630,1428.1700073242187,1495.762001953125,-0.00212094665963225,0.012260540713173618,RELIANCE.NS
2026-02-11,1468.699951171875,1470.0,1453.5999755859375,1459.5999755859375,7106877,1435.3700073242187,1493.8140014648438,0.006993452980373682,0.012086436661642845,RELIANCE.NS
2026-02-12,1448.9000244140625,1473.0,1445.5,1470.0,11135399,1441.160009765625,1491.8660009765624,-0.013481260581519106,0.013194898636973873,RELIANCE.NS
2026-02-13,1419.5999755859375,1450.699951171875,1416.300048828125,1445.5,10755693,1443.5800048828125,1489.4819995117186,-0.02022227091891593,0.015296864575932498,RELIANCE.NS
2026-02-16,1437.0999755859375,1439.5999755859375,1409.300048828125,1420.0999755859375,5896514,1448.25,1487.5119995117188,0.012327416385575107,0.015497924503826463,RELIANCE.NS
2026-02-17,1423.0,1431.800048828125,1418.5999755859375,1431.0999755859375,10731630,1446.8400024414063,1485.16,-0.009811408966302837,0.011728481444285574,RELIANCE.NS
2026-02-18,1441.300048828125,1442.0999755859375,1419.199951171875,1427.0,5521096,1445.2900024414062,1483.1260009765624,0.012860188916461679,0.011613434579076537,RELIANCE.NS
2026-02-19,1409.5,1443.0,1400.0,1443.0,11884664,1441.9,1480.7280004882812,-0.02206344810296834,0.013222629692675953,RELIANCE.NS
2026-02-20,1419.4000244140625,1427.4000244140625,1406.0999755859375,1409.5,8177670,1438.7599975585938,1478.3780004882813,0.007023784614446527,0.013353889097549207,RELIANCE.NS
2026-02-23,1428.0,1434.9000244140625,1418.300048828125,1425.0,7758856,1435.4,1476.0380004882813,0.006058880821484758,0.01325061210261317,RELIANCE.NS
2026-02-24,1428.800048828125,1433.300048828125,1415.0,1425.300048828125,12529409,1432.4300048828125,1473.4840014648437,0.0005602582830006586,0.013280461726228366,RELIANCE.NS
2026-02-25,1398.5,1440.5,1393.5,1435.0,10728792,1425.410009765625,1470.3300024414064,-0.0212066403923884,0.014131169003016019,RELIANCE.NS
2026-02-26,1406.800048828125,1412.9000244140625,1391.9000244140625,1398.5,16683858,1421.2000122070312,1467.6200024414063,0.0059349651970861395,0.014139027778901109,RELIANCE.NS
2026-02-27,1393.9000244140625,1410.4000244140625,1388.0999755859375,1398.0,12031440,1418.6300170898437,1464.6100024414063,-0.009169763979471224,0.013018027640304426,RELIANCE.NS
2026-03-02,1358.0,1378.5999755859375,1341.5,1375.5,23728722,1410.72001953125,1460.882001953125,-0.02575509275075405,0.013977652292270788,RELIANCE.NS
2026-03-04,1345.0,1352.800048828125,1307.0,1330.0,32495007,1402.92001953125,1456.4800024414062,-0.009572901325478611,0.013969787119296908,RELIANCE.NS
2026-03-05,1389.4000244140625,1399.0,1353.0999755859375,1353.0999755859375,25957532,1397.7300170898438,1452.7600024414062,0.03301117056807623,0.017836078036224695,RELIANCE.NS
2026-03-06,1404.800048828125,1424.300048828125,1390.300048828125,1396.5,19311971,1397.2600219726562,1449.4420043945313,0.011083938493924306,0.01707021810358844,RELIANCE.NS
2026-03-09,1424.0,1429.4000244140625,1370.0,1375.0,24870822,1397.72001953125,1446.7580053710938,0.013667390734995788,0.01750644499993066,RELIANCE.NS
2026-03-10,1408.800048828125,1431.5,1400.5999755859375,1430.5999755859375,18071259,1395.8000244140626,1443.7500073242188,-0.010674123013957204,0.017710459192744048,RELIANCE.NS
2026-03-11,1390.199951171875,1434.0,1383.5999755859375,1424.9000244140625,21848087,1391.9400146484375,1440.6420068359375,-0.013202794585166266,0.018088170410535297,RELIANCE.NS
2026-03-12,1392.199951171875,1410.9000244140625,1381.0999755859375,1390.0,20939959,1391.310009765625,1437.6900048828124,0.0014386419725551658,0.01687514218875888,RELIANCE.NS
2026-03-13,1380.699951171875,1400.800048828125,1378.4000244140625,1385.199951171875,17265090,1388.7,1433.8960034179688,-0.008260307716804527,0.01688719974193904,RELIANCE.NS
2026-03-16,1395.0999755859375,1397.300048828125,1363.5,1380.0,22837802,1388.8199951171875,1430.2860034179687,0.010429510337738757,0.01706592681983403,RELIANCE.NS
2026-03-17,1397.5999755859375,1405.9000244140625,1388.199951171875,1399.0,19007744,1392.7799926757812,1426.392001953125,0.00179198626890531,0.01442715306748106,RELIANCE.NS
2026-03-18,1408.0999755859375,1412.9000244140625,1397.199951171875,1397.199951171875,9559327,1399.089990234375,1422.992001953125,0.007512879352761903,0.013773416203187354,RELIANCE.NS
2026-03-19,1384.800048828125,1415.699951171875,1376.0999755859375,1388.0,16498373,1398.6299926757813,1420.5360034179687,-0.01654706850493126,0.01110393986990018,RELIANCE.NS
2026-03-20,1414.4000244140625,1430.0,1396.0999755859375,1398.0,22994918,1399.589990234375,1418.7400048828124,0.021374909403697906,0.01264384120220819,RELIANCE.NS
2026-03-23,1407.800048828125,1415.5999755859375,1391.0,1400.0,18979554,1397.9699951171874,1417.4840063476563,-0.00466627225114169,0.011868627846352625,RELIANCE.NS
2026-03-24,1411.800048828125,1422.4000244140625,1406.5999755859375,1420.0,18620893,1398.2699951171876,1416.2140063476563,0.002841312587912981,0.011415627064031928,RELIANCE.NS
2026-03-25,1413.0999755859375,1430.5,1408.4000244140625,1420.0,19038728,1400.5599975585938,1414.8120068359376,0.0009207584026444948,0.010391088819049758,RELIANCE.NS
2025-06-09,3336.991455078125,3348.791310023286,3306.760665733127,3315.634960419095,1718678,3333.9330322265623,3335.734033203125,0.011140036910046058,0.007399589765753538,TCS.NS
2025-06-10,3376.97412109375,3399.3060406489903,3338.2592545088482,3354.6424396212137,2419874,3333.44775390625,3332.562236328125,0.01198165070359436,0.007992630005541127,TCS.NS
2025-06-11,3385.750732421875,3402.4265208353168,3363.516665314218,3383.8979728571367,2847013,3333.9367919921874,3329.9903076171877,0.0025989572360958224,0.00803770626385943,TCS.NS
2025-06-12,3348.986328125,3388.4813919586536,3338.2592737504274,3385.750821410403,4060134,3330.7107177734374,3326.385380859375,-0.010858567922564344,0.008762977143021176,TCS.NS
2025-06-13,3360.200927734375,3364.8818717382055,3309.003623498393,3309.003623498393,2178493,3331.960205078125,3323.87564453125,0.003348654939315132,0.008238302021671095,TCS.NS
2025-06-16,3409.54541015625,3421.9302340050463,3341.1847251814343,3354.642349665819,1934088,3339.45869140625,3323.422822265625,0.014684979703027956,0.009197879708964117,TCS.NS
2025-06-17,3428.073974609375,3432.6573046439225,3401.5489430536663,3422.905437301184,2111940,3353.1210693359376,3323.4729931640627,0.0054343210675336096,0.007504968690747913,TCS.NS
2025-06-18,3365.759521484375,3450.2107909678293,3357.665661762572,3431.779856254815,2696327,3359.996142578125,3324.9988134765626,-0.01817768624205396,0.010316971255702988,TCS.NS
2025-06-19,3339.039306640625,3365.3693479021017,3328.3122527933565,3364.394161188714,2672768,3365.1548583984377,3327.9959130859374,-0.007938836590430487,0.010704889157238266,TCS.NS
2025-06-20,3350.448974609375,3360.786049100129,3326.2642962767654,3340.0145242959966,2351248,3370.1770751953127,3331.71126953125,0.003417051109898095,0.01069483579735676,TCS.NS
2025-06-23,3309.393798828125,3340.014567071261,3286.3792966511382,3330.2626997221478,3123421,3367.4173095703127,3334.2401513671875,-0.012253634092737276,0.010923326702973522,TCS.NS
2025-06-24,3306.27294921875,3356.690292940616,3298.081476031171,3349.376392565029,3403048,3360.3471923828124,3337.602646484375,-0.0009430275751649564,0.00996900236196546,TCS.NS
2025-06-25,3359.3232421875,3364.3941654870573,3315.634829755361,3322.7537403887272,1757699,3357.704443359375,3342.3180517578126,0.0160453458572698,0.01146338271543263,TCS.NS
2025-06-26,3356.397705078125,3365.759354753242,3330.555256962972,3359.3232652421043,2879106,3358.4455810546874,3346.6521142578126,-0.000870870975628435,0.010903729130938684,TCS.NS
2025-06-27,3355.71533203125,3380.387367158931,3345.8658502962735,3369.2703330730474,1778433,3357.997021484375,3350.477626953125,-0.00020330518217270832,0.010850186528350176,TCS.NS
2025-06-30,3376.09619140625,3378.924137465807,3344.890218522079,3354.544471150048,1468351,3354.652099609375,3354.2255322265623,0.006073476847233916,0.009843068794186916,TCS.NS
2025-07-01,3344.597900390625,3398.5257745006766,3328.7999228861,3369.2701724246303,2375183,3346.3044921875,3356.9046337890627,-0.009329796673389512,0.00988760247289254,TCS.NS
2025-07-02,3338.3564453125,3403.303732161301,3335.1382818100083,3400.670775871144,3090585,3343.5641845703126,3359.5980908203123,-0.0018661301788762685,0.008200382747986642,TCS.NS
2025-07-03,3316.4150390625,3350.058980842342,3313.294489180619,3344.8904436190446,2531870,3341.3017578125,3359.9465966796874,-0.006572517527542288,0.008078456839104376,TCS.NS
2025-07-04,3334.943603515625,3341.964900305915,3305.980605453995,3323.4363525656718,1109320,3339.751220703125,3360.8860546875,0.005586925711916546,0.008227610462436188,TCS.NS
2025-07-07,3327.044677734375,3341.0875101654565,3323.8265137554163,3333.481005692293,1639174,3341.51630859375,3360.7705322265624,-0.0023685335406941066,0.007176323185051527,TCS.NS
2025-07-08,3321.680908203125,3340.0144658805552,3309.1984707578945,3320.5107317732236,2325242,3343.0571044921876,3360.6347314453124,-0.0016121723784312536,0.00719494045848375,TCS.NS
2025-07-09,3299.837158203125,3329.287752096043,3283.4539722634377,3325.387004876247,2034938,3337.10849609375,3359.5014306640624,-0.006576113300364117,0.004973408362014266,TCS.NS
2025-07-10,3298.08154296875,3314.659717489882,3272.7266878187834,3296.1311694956757,3035012,3331.2768798828124,3358.6964599609373,-0.0005320308700720311,0.004981392212739878,TCS.NS
2025-07-11,3184.9599609375,3252.2478474361797,3180.181641042415,3218.0186968972475,7635550,3314.2013427734373,3356.0678955078124,-0.034299207147384325,0.011376459893651493,TCS.NS
2025-07-14,3142.734375,3190.8111306672436,3120.59768280415,3184.9600100119856,3924009,3290.8651611328123,3352.1443798828127,-0.013257807462380367,0.010889494904380593,TCS.NS
2025-07-15,3171.599853515625,3178.523536457564,3126.448660244279,3126.448660244279,2590889,3273.5653564453123,3348.6879833984376,0.009184829219181179,0.011983948705924528,TCS.NS
2025-07-16,3163.576171875,3175.1222359666176,3151.344969328223,3157.607249475903,2540733,3256.0873291015623,3345.3591552734374,-0.0025298530745393455,0.011965063338402507,TCS.NS
2025-07-17,3140.18994140625,3172.2846643823304,3135.199754145851,3154.7696780470374,2947640,3238.4648193359376,3341.489150390625,-0.007392339933730563,0.011977571156468275,TCS.NS
2025-07-18,3121.304931640625,3159.3685771406017,3118.46738821797,3155.6502438038765,3432645,3217.1009521484375,3337.4076904296876,-0.006013970529810675,0.011342343747589934,TCS.NS
2025-07-21,3090.28662109375,3128.839514334287,3084.2199924907163,3121.4028477301345,3844346,3193.425146484375,3329.2241943359377,-0.009937609822239013,0.011285470619206957,TCS.NS
2025-07-22,3091.65673828125,3111.7159107005,3086.764257203384,3091.65673828125,3198036,3170.4227294921875,3323.1056787109374,0.0004433624952935311,0.011418447631075359,TCS.NS
2025-07-23,3110.7373046875,3113.5748480562365,3089.6996367952283,3091.6566291573,1922875,3151.512744140625,3316.7172900390624,0.006171631594799054,0.012169233487226198,TCS.NS
2025-07-24,3080.30615234375,3105.4534578423713,3072.478182452152,3097.0385335433134,2934778,3129.735205078125,3309.11712890625,-0.00978261722643503,0.012074136907629334,TCS.NS
2025-07-25,3068.368408203125,3089.014534530361,3058.3877948178133,3072.4780444334683,2568917,3118.0760498046875,3301.6377783203125,-0.00387550572904638,0.007213266703872124,TCS.NS
2025-07-28,3013.083251953125,3050.951005299135,3003.8852447797885,3043.123036074506,3374473,3105.1109375,3293.8743310546874,-0.01801776999860838,0.008025457498201691,TCS.NS
2025-07-29,2990.284423828125,3007.8973556438664,2975.802632112602,2994.1984086760676,4785312,3086.97939453125,3286.0512158203123,-0.007566610750041947,0.006537321496070332,TCS.NS
2025-07-30,2987.93603515625,3003.0047807939304,2981.673516260727,2994.1983151611034,2880121,3069.415380859375,3277.6495068359377,-0.0007853395660833984,0.006657933243600659,TCS.NS
2025-07-31,2971.497314453125,2994.0027271024683,2950.166049468222,2976.2918502873677,2968371,3052.5461181640626,3269.8624169921877,-0.00550169766343922,0.006630556871588391,TCS.NS
2025-08-01,2938.424072265625,2971.4972914199097,2935.488583681943,2964.7455243430377,2053847,3034.2580322265626,3260.686982421875,-0.011130160551259594,0.006868871374876596,TCS.NS
2025-08-04,3008.28857421875,3013.181055141491,2927.2692812506943,2944.392964480288,2519252,3026.0582275390625,3252.4700048828126,0.023776180780896272,0.011459918159754064,TCS.NS
2025-08-05,2998.014404296875,3011.322048140622,2976.5854331255146,3008.2886143717656,1927996,3016.693994140625,3244.7937548828127,-0.0034152873530569616,0.011409908015715536,TCS.NS
2025-08-06,2967.093994140625,3000.8521121202134,2960.9294204705666,2997.1337788834585,1487081,3002.3296630859377,3236.518427734375,-0.01031362961830129,0.011122792761114024,TCS.NS
2025-08-07,2981.47802734375,2985.9792055799644,2946.154217712285,2951.1446440658847,2543076,2992.4468505859377,3228.523046875,0.004847852218881732,0.011334500165495792,TCS.NS
2025-08-08,2971.105712890625,2994.002666894786,2959.9509519667536,2982.5543093380406,2762140,2982.7205810546875,3220.9910400390627,-0.0034789169525981656,0.011332560631432348,TCS.NS
2025-08-11,2975.411376953125,2984.3155492907413,2956.3307005130723,2971.1058502168585,1884215,2978.9533935546874,3213.808056640625,0.00144917901904984,0.010101597465484093,TCS.NS
2025-08-12,2970.127197265625,3029.8154640054736,2961.809979769089,2975.6068714078456,3358232,2976.9376708984373,3207.3815966796874,-0.0017759492782847275,0.009859921170549998,TCS.NS
2025-08-13,2970.91015625,2978.9337774241835,2963.473728360306,2970.812449963036,2148166,2975.2350830078126,3200.8596240234374,0.0002636112638865207,0.009863696715095845,TCS.NS
2025-08-14,2957.30908203125,2990.1864106721328,2954.1779420022144,2968.757439673081,3342174,2973.816259765625,3194.2567626953123,-0.004578083315692649,0.0098161578687574,TCS.NS
2025-08-18,2946.44775390625,2983.434958599791,2938.815435653507,2980.988718063058,2945609,2974.6186279296876,3187.181181640625,-0.003672706444853513,0.00917578504525175,TCS.NS
2025-08-19,2951.34033203125,2959.9511467818434,2946.350144506624,2946.4478507969,2650784,2968.9238037109376,3179.4681591796875,0.001660500553085864,0.004216595708882247,TCS.NS
2025-08-20,3031.96826171875,3036.664852119672,2946.1539583708727,2946.1539583708727,4952358,2972.319189453125,3172.5680419921873,0.027319089165161792,0.010094545018647741,TCS.NS
2025-08-21,3035.882568359375,3062.693270119804,3016.801891436903,3062.693270119804,3230726,2979.198046875,3165.5706787109375,0.0012910117464113302,0.009259973968846822,TCS.NS
2025-08-22,2988.327392578125,3029.1306363096523,2984.4134077810354,3019.639270954844,1593791,2979.8829833984373,3158.3575,-0.015664366032098975,0.010786882742493242,TCS.NS
2025-08-25,3073.065185546875,3084.2199463957195,3010.9306783780526,3020.9112915939663,3448370,2990.0789306640627,3152.61478515625,0.028356261492367585,0.013823995130293438,TCS.NS
2025-08-26,3089.308349609375,3094.0051794435944,3052.9083364528824,3061.714802808035,5522097,3001.4686279296875,3146.2100439453125,0.00528565555292948,0.013815072619908665,TCS.NS
2025-08-28,3027.173583984375,3078.8382300613293,3020.1284592672155,3077.3704857914763,3116051,3007.1732666015623,3138.1920361328125,-0.020112840349153394,0.015728930945746487,TCS.NS
2025-08-29,3018.3671875,3048.0156702082504,3011.028465982645,3026.4887537573413,2271789,3011.9189697265624,3131.244189453125,-0.0029091151333264786,0.015800018150593266,TCS.NS
2025-09-01,3045.667236328125,3063.7694152474464,3023.5531276055535,3023.5531276055535,1246862,3020.75478515625,3125.376748046875,0.00904464140121286,0.015786082937012193,TCS.NS
2025-09-02,3044.5908203125,3087.1554035307527,3036.3715480748965,3053.98447906176,2185229,3030.569091796875,3119.2595849609374,-0.00035342535218085835,0.015663210059912957,TCS.NS
2025-09-03,3030.891845703125,3074.3369795089966,3021.5961322134785,3062.595025627338,1799774,3038.5242431640627,3113.6895458984377,-0.00449944686096404,0.01585876731000838,TCS.NS
2025-09-04,3029.130859375,3050.9513740037746,3024.336323201764,3048.9943814611165,1481391,3038.2405029296874,3108.1467041015626,-0.0005810125922578457,0.013310626930183762,TCS.NS
2025-09-05,2982.75,3036.664997028233,2963.47367273015,3030.5006621101975,2802055,3032.92724609375,3100.6152392578124,-0.015311606374301623,0.01413936727496515,TCS.NS
2025-09-08,2954.080078125,2998.9929589138555,2951.144589474992,2984.413460841752,2626187,3029.5025146484377,3092.56888671875,-0.009611909102338445,0.013592966148241221,TCS.NS
2025-09-09,2983.826171875,2994.19832699537,2965.62628616296,2966.898378981974,2489301,3020.57861328125,3085.131103515625,0.010069494720292171,0.009931363308153317,TCS.NS
2025-09-10,3043.123291015625,3055.550145422665,2987.740308555338,2990.675797260498,2079428,3015.960107421875,3078.4716455078124,0.019872846380780684,0.012101180547321715,TCS.NS
2025-09-11,3057.017822265625,3071.4996140027415,3043.221168990462,3071.4996140027415,2263446,3018.94453125,3072.7200439453127,0.004565878514032562,0.010243703679572627,TCS.NS
2025-09-12,3066.02001953125,3080.991059765134,3053.8867617246956,3076.3921752202637,1447167,3023.709814453125,3067.2733154296875,0.002944764404073208,0.010160599698186638,TCS.NS
2025-09-15,3044.982177734375,3066.6070389449774,3029.4241839737238,3066.6070389449774,1732539,3023.64130859375,3061.844658203125,-0.006861612664907368,0.010113036025256329,TCS.NS
2025-09-16,3078.0556640625,3082.263245795216,3042.2428439695796,3060.7363278880744,2573429,3026.98779296875,3056.7068994140627,0.010861635437463768,0.010672962386427372,TCS.NS
2025-09-17,3104.57275390625,3113.966173979194,3074.8263264485827,3084.2199854121977,2418271,3034.3558837890623,3052.2574609375,0.008614883139816953,0.01070800574251057,TCS.NS
2025-09-18,3108.388916015625,3134.1234145595795,3093.4178759668794,3116.51048247651,2633138,3042.281689453125,3047.99162109375,0.0012292068544934587,0.01066617265618904,TCS.NS
2025-09-19,3101.050048828125,3112.107103450778,3076.3919928468,3101.8328935510035,4901694,3054.1116943359375,3044.01587890625,-0.002360987439405493,0.008881637929115822,TCS.NS
2025-09-22,3007.70166015625,3040.089740964508,2999.090845838676,3028.445731768582,3634901,3059.4738525390626,3038.20828125,-0.030102187066329722,0.013510785444554972,TCS.NS
2025-09-23,2996.546630859375,3014.453158879609,2986.3703660594774,3003.983297445149,3177741,3060.7458984375,3034.4400146484377,-0.0037088217374243726,0.013283859431404874,TCS.NS
2025-09-24,2970.127197265625,2991.262810224855,2967.778901999341,2984.4133369924134,1625714,3053.4462890625,3030.98787109375,-0.008816626886988699,0.011631619381438552,TCS.NS
2025-09-25,2893.804443359375,2964.4520571099356,2887.5421635017433,2957.015390749667,4974361,3037.124951171875,3025.431962890625,-0.025696796412124967,0.013426762103419213,TCS.NS
2025-09-26,2836.758544921875,2891.260737711385,2829.126226471788,2877.7574418213358,3934636,3014.1988037109377,3018.8956103515625,-0.01971311453626645,0.013771397485298497,TCS.NS
2025-09-29,2833.82275390625,2866.3087778304835,2831.7678164651984,2853.2947314486933,3110035,2993.082861328125,3012.7682666015626,-0.0010349104335581893,0.013931055344609018,TCS.NS
2025-09-30,2826.288330078125,2852.610021207006,2823.0594837288886,2848.402439766557,2253458,2967.9061279296875,3006.8679345703126,-0.0026587491464451496,0.012588483614032926,TCS.NS
2025-10-01,2851.53369140625,2861.9058470940704,2804.957413772581,2828.8326264436423,1952902,2942.6022216796873,3002.0928759765625,0.008932337532394419,0.012636537095847935,TCS.NS
2025-10-03,2839.498046875,2861.1229086009284,2828.9304789544044,2861.1229086009284,2899519,2915.713134765625,2997.0497021484375,-0.00422076181934028,0.012288153333378316,TCS.NS
2025-10-06,2924.137939453125,2929.22631078988,2833.3336834873367,2839.5959635916415,2112774,2898.021923828125,2993.31771484375,0.02980804747207877,0.017363777132026845,TCS.NS
2025-10-07,2909.75390625,2939.891634958981,2891.9453243871753,2930.5959216848555,3062943,2888.2271484375,2989.906669921875,-0.004919067944453737,0.015115469056384874,TCS.NS
2025-10-08,2962.103515625,2977.5638026677234,2904.176590968716,2911.0260640606234,4121889,2884.7828369140625,2987.7813720703125,0.0179910779611141,0.016526525805703584,TCS.NS
2025-10-09,2995.86181640625,3000.069397912704,2955.0585719818546,2968.757519004287,3211304,2887.356298828125,2987.436943359375,0.011396732289461253,0.016703905400960724,TCS.NS
2025-10-10,2963.179931640625,3003.983173218589,2942.239970746985,2984.413250266025,8817365,2894.29384765625,2986.894853515625,-0.010909009416472104,0.01460122722580578,TCS.NS
2025-10-13,2942.533935546875,2970.2254277677166,2933.7274691163334,2961.908209472205,2866865,2904.87138671875,2985.9868115234376,-0.006967513472028286,0.012908065849335308,TCS.NS
2025-10-14,2896.642333984375,2962.1036338769445,2891.9455044700007,2956.0370052457697,3611416,2911.1533447265624,2984.4897119140624,-0.015595946407996442,0.014257524740158895,TCS.NS
2025-10-15,2916.7763671875,2926.499513769408,2898.31197994854,2917.954894078994,4282226,2920.2021484375,2984.0567578125,0.006950817837226841,0.014211005876292293,TCS.NS
2025-10-16,2917.66015625,2921.883430677564,2890.553079047838,2916.87439174088,3251495,2926.814794921875,2982.244189453125,0.0003030019964651576,0.014088868889258376,TCS.NS
2025-10-17,2909.311767578125,2935.4369375213087,2902.6331292681275,2916.972551528368,4374683,2933.7961669921874,2980.47013671875,-0.0028613300469527703,0.014024472876196084,TCS.NS
2025-10-20,2961.365478515625,2969.0262624451843,2925.320781572273,2932.1958010354274,3133039,2937.5189208984375,2980.35556640625,0.017892104764293704,0.011773935688390571,TCS.NS
2025-10-21,2953.017333984375,2977.669286180243,2942.508423286113,2976.981832168517,310644,2941.845263671875,2979.7863525390626,-0.0028190186560270725,0.011668383564595106,TCS.NS
2025-10-23,3018.330078125,3042.687339125331,2981.892616996725,3000.4550745732363,5564758,2947.467919921875,2980.73083984375,0.022117291147932816,0.012366894448496321,TCS.NS
2025-10-24,3008.508544921875,3034.8300966289034,3003.6961270890743,3025.0086400055093,2684318,2948.7325927734373,2981.392783203125,-0.00325396260478783,0.011985443886709713,TCS.NS
2025-10-27,3029.821044921875,3038.9550474990237,3005.5620951218402,3011.7496607245316,1946312,2955.3967041015626,2982.58666015625,0.007084074943371377,0.011422122102362046,TCS.NS
2025-10-28,3003.30322265625,3035.0265765381446,2985.919291823652,3021.0801556355614,3470737,2961.4736328125,2983.234521484375,-0.008752273442047098,0.011595389653966904,TCS.NS
2025-10-29,3003.0087890625,3021.080174034828,2991.714113509379,3003.3032409472494,2895420,2972.1102783203123,2984.148515625,-9.803658569296214e-05,0.009874451592318903,TCS.NS
2025-10-30,2981.106689453125,3009.0978400091353,2978.6513253692647,2994.6603471523654,2241536,2978.543310546875,2984.8416943359375,-0.007293385117335127,0.010361757845778585,TCS.NS
2025-10-31,3003.4013671875,3012.6334402910475,2971.088871543434,2980.8120174669925,1868085,2987.117431640625,2985.8829150390625,0.0074786581148711395,0.010461324623016015,TCS.NS
2025-11-03,2962.93701171875,3003.4013640895914,2956.2583734171585,2992.499451583931,2194877,2992.4799560546876,2984.5022900390627,-0.01347284312740471,0.011593193120217572,TCS.NS
2025-11-04,2936.81201171875,2975.214004338424,2922.8655907942766,2965.6872390451917,2670720,2990.024609375,2982.52087890625,-0.008817264726409202,0.010523863683632935,TCS.NS
2025-11-06,2957.142333984375,2970.0085383136757,2936.61558517126,2936.7138956519902,2542721,2990.437109375,2981.897177734375,0.006922582100761243,0.01076258846418984,TCS.NS
2025-11-07,2938.383544921875,2950.3656744717186,2907.6423366423182,2947.419237380036,1830520,2982.4424560546877,2979.203544921875,-0.00634355297914424,0.007626441739373652,TCS.NS
2025-11-10,2971.18701171875,2993.4816703122747,2938.579823663838,2939.5619693268272,1556656,2978.710302734375,2976.8411181640627,0.011163779777342508,0.008776640631107046,TCS.NS
2025-11-11,2992.597900390625,3001.142519888641,2964.1156755427983,2990.633609021809,2806868,2974.98798828125,2976.1496044921873,0.007206173353419887,0.008789541013047669,TCS.NS
2025-11-12,3075.8837890625,3080.4015151753365,3002.51755709654,3005.3656835637266,4460315,2982.246044921875,2977.2999365234373,0.027830631258881633,0.012235009857343321,TCS.NS
2025-11-13,3050.249755859375,3075.9819244274895,3046.61586484088,3075.8838537295965,1740435,2986.9701416015623,2977.3915869140624,-0.008333875712169925,0.012694715362756938,TCS.NS
2025-11-14,3050.54443359375,3057.517763723578,3022.356900982103,3034.830102963518,2210794,2993.913916015625,2977.5106591796875,9.660773968067637e-05,0.012327048034531237,TCS.NS
2025-11-17,3046.812255859375,3067.7320066302495,3031.4909272444793,3050.544457369475,2232853,2998.2550048828125,2977.8290673828124,-0.0012234464423054314,0.012233381462818752,TCS.NS
2025-11-18,3031.98193359375,3049.5622448251693,3023.0443122614724,3046.6158078736476,2548350,3005.1594970703127,2977.8860888671875,-0.004867488056444769,0.011332375967415523,TCS.NS
2025-11-19,3091.499755859375,3098.6694669245953,3028.4460542827223,3041.705020306013,3151053,3020.628271484375,2980.061083984375,0.01963000557693939,0.011775716816167745,TCS.NS
2025-11-20,3088.65185546875,3108.0000778660146,3082.0715272134535,3091.794673762747,2700767,3033.7792236328123,2982.75251953125,-0.0009212034984726891,0.011909308346517534,TCS.NS
2025-11-21,3094.34814453125,3113.4016740052466,3079.2229578295533,3088.6516518716926,4177037,3049.37568359375,2984.962958984375,0.0018442638824489599,0.011355367373929438,TCS.NS
2025-11-24,3085.115966796875,3122.1428110333977,3075.0981288018247,3101.616062202543,6703764,3060.7685791015624,2985.8028125,-0.002983561416866176,0.01141681210115822,TCS.NS
2025-11-25,3063.5087890625,3093.562543096727,3059.3838251197944,3089.142887490615,2737920,3067.85966796875,2985.9326318359376,-0.007003684129517129,0.011826562979340507,TCS.NS
2025-11-26,3106.428466796875,3121.2589624366606,3061.348076121797,3063.115986297256,2508527,3070.9141357421877,2986.74080078125,0.014009973755456206,0.008993642222906809,TCS.NS
2025-11-27,3080.59814453125,3123.223169867727,3069.205159068128,3123.223169867727,2836233,3073.948974609375,2987.4531201171876,-0.0083151189675581,0.008991475255843387,TCS.NS
2025-11-28,3081.48193359375,3091.1070087848907,3069.205113141185,3083.937297684263,1616690,3077.042724609375,2987.5216455078125,0.00028688878621485614,0.008989489533248384,TCS.NS
2025-12-01,3077.455078125,3097.687374390369,3066.4550948216056,3081.8747335418534,1747647,3080.1070068359377,2986.9792919921874,-0.0013067918474062301,0.008991865398540367,TCS.NS
2025-12-02,3079.714111328125,3087.8659682974553,3064.6872347092776,3075.0980746626374,2512003,3084.880224609375,2986.4057958984376,0.0007340588719499941,0.0087544920040289,TCS.NS
2025-12-03,3123.22314453125,3154.5534946281955,3082.9551731709416,3083.9373188138757,3952112,3088.0525634765627,2986.8492578125,0.014127620821389186,0.007590747532268863,TCS.NS
2025-12-04,3171.544677734375,3191.9733551637537,3130.4909417024,3136.9731988901626,5025905,3096.341845703125,2990.1261181640625,0.015471687729945227,0.008793255720235522,TCS.NS
2025-12-05,3180.384033203125,3213.187842167148,3164.866083794654,3172.330486734928,5244013,3104.9454345703125,2993.8028662109373,0.002787082121467943,0.008788274487935992,TCS.NS
2025-12-08,3178.71435546875,3201.6964674714213,3151.3125880977464,3185.0983021118977,2544725,3114.3052734375,2997.974609375,-0.0005249924905117442,0.008642271981597187,TCS.NS
2025-12-09,3151.01806640625,3175.964471029267,3124.401822284255,3172.330579931189,2734893,3123.056201171875,3003.1188818359374,-0.008713047466769264,0.008876439247286544,TCS.NS
2025-12-10,3132.259033203125,3167.41989738469,3121.357359750894,3167.41989738469,1386849,3125.6392578125,3009.0288916015625,-0.005953324547110506,0.008316314411709562,TCS.NS
2025-12-11,3134.91064453125,3151.1160479641035,3096.8035846478047,3147.7768486239356,1914362,3131.0705078125,3015.0506494140627,0.0008465491838371975,0.007673072712176599,TCS.NS
2025-12-12,3163.0,3165.4553640739014,3128.8212841349605,3140.607031689688,1146554,3139.222314453125,3021.7848828125,0.008960177387432378,0.007970530217963772,TCS.NS
2025-12-15,3172.52685546875,3180.384020730158,3140.2143592438706,3153.7680172761306,1562190,3148.7294921875,3028.20474609375,0.003011968216487526,0.007848815390716118,TCS.NS
2025-12-16,3147.875244140625,3162.509118995985,3134.1252044928165,3162.509118995985,1734623,3155.54560546875,3034.3722900390626,-0.007770339685424843,0.008559207252605923,TCS.NS
2025-12-17,3160.348388671875,3179.107227122374,3143.3572206041695,3143.3572206041695,1376350,3159.2581298828127,3039.0964990234374,0.0039624011639174395,0.007530233981080356,TCS.NS
2025-12-18,3222.2236328125,3229.09865265339,3163.4912725011322,3170.366292342023,2307422,3164.326025390625,3045.3458935546873,0.019578614928156046,0.008450386870778998,TCS.NS
2025-12-19,3223.402099609375,3258.661033366418,3220.259281411304,3240.09857605464,3902511,3168.62783203125,3050.571865234375,0.00036573091478642183,0.008447872443803081,TCS.NS
2025-12-22,3265.5361328125,3269.170263717588,3232.2414895890165,3250.9022578364156,2632816,3177.310009765625,3055.9653515625,0.013071292969695225,0.00917102310601181,TCS.NS
2025-12-23,3250.902099609375,3260.625245626059,3234.6966963938,3260.625245626059,2365420,3187.2984130859377,3061.719794921875,-0.0044813569986503765,0.00866787041323725,TCS.NS
2025-12-24,3259.741455078125,3267.696930860065,3237.2504153109776,3245.107580613968,1367708,3200.0466552734374,3068.0639453125,0.0027190469592461852,0.008067926366508724,TCS.NS
2025-12-26,3221.437744140625,3260.7235702886815,3213.384197736604,3253.9468611908032,1176664,3208.699365234375,3074.559853515625,-0.011750536496638153,0.009479537929376381,TCS.NS
2025-12-29,3193.446533203125,3229.294848891858,3184.9999848268185,3221.437683809396,2079473,3211.7440185546875,3080.0932568359376,-0.008689042955559945,0.009834633465301435,TCS.NS
2025-12-30,3188.83056640625,3209.160933545371,3181.6608551553877,3191.973384551631,2807593,3213.3743896484375,3085.5166650390624,-0.0014454498451380582,0.009834414288248649,TCS.NS
2025-12-31,3148.955322265625,3188.0447669329633,3141.392848747715,3182.151893056932,3362634,3213.4823974609376,3090.3095361328124,-0.012504660661718292,0.010378681280842466,TCS.NS
2026-01-01,3169.77685546875,3176.3574233163417,3141.0982497161094,3157.59834501185,1255735,3214.425244140625,3094.477763671875,0.006612203436453967,0.010521585873993839,TCS.NS
2026-01-02,3192.660888671875,3196.196709004467,3162.017991655493,3176.2591039024273,1184324,3211.4689697265626,3099.270634765625,0.007219446114524963,0.008553420123504832,TCS.NS
2026-01-05,3158.6787109375,3189.026915514335,3134.026759287417,3182.642968809425,2341703,3204.996630859375,3102.077607421875,-0.010643841898445805,0.0090671885760501,TCS.NS
2026-01-06,3197.669921875,3204.9377039238207,3147.7768738587542,3152.6876022111082,2912325,3198.210009765625,3105.8608349609376,0.012344152256602126,0.008934942095989731,TCS.NS
2026-01-07,3236.75927734375,3241.6700055592964,3165.651788913644,3185.0000101265678,1989442,3196.7957275390627,3109.999599609375,0.012224324718865809,0.009937787881467396,TCS.NS
2026-01-08,3146.6962890625,3228.2143763788763,3125.1873956711997,3228.2143763788763,4159336,3185.4912109375,3112.8674609375,-0.0278250498613416,0.013074447266560265,TCS.NS
2026-01-09,3150.52685546875,3172.0357492326657,3134.0267606372377,3134.0267606372377,1938673,3178.4001220703126,3115.817822265625,0.0012173295591202393,0.012799441378921044,TCS.NS
2026-01-12,3181.75927734375,3193.937788002805,3117.6251157476318,3145.8126491306843,2228342,3177.231396484375,3119.8308740234374,0.009913396491379345,0.013091802610389515,TCS.NS
2026-01-13,3209.652099609375,3221.437847833155,3153.1787227037635,3187.0627488471305,5645341,3179.3135498046877,3123.955888671875,0.008766477861553046,0.01338651824936689,TCS.NS
2026-01-14,3135.5,3201.7948316366483,3126.1696162881753,3201.7948316366483,3539511,3177.968017578125,3127.4071484375,-0.02310284644818661,0.014886445778065657,TCS.NS
2026-01-15,3135.5,3135.5,3135.5,3135.5,0,3174.54033203125,3131.380908203125,0.0,0.014689500571477372,TCS.NS
2026-01-16,3206.699951171875,3221.89990234375,3171.0,3219.39990234375,4293470,3175.94423828125,3136.372060546875,0.022707686548198103,0.01637134404527483,TCS.NS
2026-01-19,3163.60009765625,3220.0,3152.10009765625,3188.0,3387562,3176.436376953125,3140.8763916015623,-0.013440563249416115,0.016606212348000766,TCS.NS
2026-01-20,3102.300048828125,3160.0,3091.10009765625,3151.60009765625,4499273,3166.8993896484376,3143.49865234375,-0.019376674338055233,0.017068970305728945,TCS.NS
2026-01-21,3122.60009765625,3138.5,3082.0,3100.0,2015150,3155.4834716796877,3146.0986962890624,0.006543547854371168,0.016598030439981027,TCS.NS
2026-01-22,3150.39990234375,3160.0,3122.300048828125,3150.0,2269827,3155.8538330078127,3147.5890185546873,0.008902774552644654,0.014543866553141079,TCS.NS
2026-01-23,3162.5,3194.5,3152.0,3190.300048828125,2068857,3157.0511474609375,3149.8340234375,0.00384081324001051,0.014587589782355734,TCS.NS
2026-01-27,3158.0,3175.0,3130.0,3175.0,4279874,3154.6752197265623,3151.983134765625,-0.0014229249011857847,0.014208205809945546,TCS.NS
2026-01-28,3200.10009765625,3205.199951171875,3170.60009765625,3176.0,2751234,3153.72001953125,3155.0488916015624,0.013331253216038563,0.0146122257653062,TCS.NS
2026-01-29,3144.39990234375,3200.10009765625,3125.60009765625,3200.10009765625,2457641,3154.610009765625,3157.2972509765623,-0.01740576657376902,0.013702902882756579,TCS.NS
2026-01-30,3123.89990234375,3141.0,3092.0,3141.0,3022068,3153.45,3157.94525390625,-0.00651952698024183,0.013876351979185925,TCS.NS
2026-02-02,3169.60009765625,3198.0,3134.0,3198.0,2636272,3149.7400146484374,3159.56421875,0.014629212439941641,0.012562021155138854,TCS.NS
2026-02-03,3225.300048828125,3350.0,3186.300048828125,3350.0,4366060,3155.910009765625,3162.1832568359373,0.01757317940930858,0.012995481085086963,TCS.NS
2026-02-04,2999.10009765625,3120.0,2986.0,3120.0,10852595,3145.5900146484373,3160.462939453125,-0.07013299468186285,0.02584032690672373,TCS.NS
2026-02-05,2991.5,3029.699951171875,2972.300048828125,2990.0,3521545,3132.4800048828124,3159.022763671875,-0.002534126040737772,0.025623775266869913,TCS.NS
2026-02-06,2941.60009765625,2985.0,2916.0,2976.60009765625,4687389,3111.6000244140623,3155.7261962890625,-0.01668056237464488,0.02547200012070447,TCS.NS
2026-02-09,2948.199951171875,2977.0,2937.5,2959.10009765625,2380318,3090.17001953125,3153.078232421875,0.0022436270385235435,0.025404649454920512,TCS.NS
2026-02-10,2984.60009765625,3011.60009765625,2943.5,2949.800048828125,3547763,3072.830029296875,3151.140595703125,0.012346566409074944,0.026085982017612832,TCS.NS
2026-02-11,2909.800048828125,2998.0,2904.199951171875,2980.0,3363513,3043.8000244140626,3147.7874951171875,-0.02506200039558537,0.025861102949069598,TCS.NS
2026-02-12,2750.10009765625,2880.0,2740.0,2869.800048828125,10612156,3004.3700439453123,3141.19521484375,-0.054883479446016126,0.02963066659695598,TCS.NS
2026-02-13,2692.199951171875,2713.0,2585.0,2585.0,11168735,2961.200048828125,3132.5747509765624,-0.021053832380035886,0.029639274111399633,TCS.NS
2026-02-16,2706.60009765625,2719.800048828125,2671.0,2700.0,2918730,2914.900048828125,3123.275859375,0.0053488398876564425,0.028763238782651575,TCS.NS
2026-02-17,2717.39990234375,2760.0,2695.199951171875,2716.0,4209118,2864.1100341796873,3114.0161767578124,0.003990173759637505,0.027323939548820335,TCS.NS
2026-02-18,2694.89990234375,2730.0,2657.300048828125,2730.0,2950820,2833.6900146484377,3104.3398876953124,-0.008279973801645357,0.019847779170724982,TCS.NS
2026-02-19,2677.89990234375,2748.699951171875,2666.60009765625,2708.0,3238849,2802.3300048828123,3094.8775244140625,-0.006308212036081562,0.01971584001950623,TCS.NS
2026-02-20,2686.199951171875,2702.60009765625,2647.5,2667.0,2293482,2776.789990234375,3085.9563427734374,0.0030994619406277124,0.02005342510710347,TCS.NS
2026-02-23,2676.300048828125,2704.0,2660.199951171875,2686.0,4699596,2749.6,3076.784130859375,-0.0036854673977010366,0.019774499252587518,TCS.NS
2026-02-24,2573.699951171875,2647.5,2561.300048828125,2641.0,7798833,2708.5099853515626,3064.9981298828125,-0.038336545149777024,0.02006064196733817,TCS.NS
2026-02-25,2629.300048828125,2654.199951171875,2595.0,2596.0,3621285,2680.4599853515624,3054.13359375,0.02160317780281029,0.022601819471201306,TCS.NS
2026-02-26,2647.699951171875,2671.0,2635.0,2650.0,3464267,2670.219970703125,3044.130087890625,0.006998023048738977,0.01656825026296112,TCS.NS
2026-02-27,2637.39990234375,2688.60009765625,2626.10009765625,2681.60009765625,5083717,2664.7399658203126,3033.6711181640626,-0.0038901873392286346,0.015415339989847123,TCS.NS
2026-03-02,2613.5,2623.800048828125,2580.300048828125,2592.0,3374385,2655.4299560546874,3021.4966455078124,-0.009061918263707835,0.015330966945861654,TCS.NS
2026-03-04,2587.800048828125,2635.0,2580.39990234375,2625.0,3446434,2642.469970703125,3008.7846044921876,-0.009833537850344354,0.015214643997299476,TCS.NS
2026-03-05,2578.800048828125,2609.5,2546.39990234375,2600.0,2960636,2630.8599853515625,2995.0498828125,-0.0034778575740717077,0.015167243877145953,TCS.NS
2026-03-06,2557.60009765625,2619.199951171875,2553.60009765625,2572.0,3998643,2618.8300048828123,2981.1838427734374,-0.008220858837624467,0.01520753791430386,TCS.NS
2026-03-09,2527.39990234375,2560.0,2505.0,2530.0,3653428,2602.95,2966.53701171875,-0.011808020863064206,0.015112298904562341,TCS.NS
2026-03-10,2513.10009765625,2545.199951171875,2490.10009765625,2541.0,4323710,2586.6300048828125,2952.3702587890625,-0.005657911387208392,0.015092007656468539,TCS.NS
2026-03-11,2464.89990234375,2521.0,2460.10009765625,2508.10009765625,2720664,2575.75,2937.799326171875,-0.019179576395485398,0.011292705262457112,TCS.NS
2026-03-12,2442.39990234375,2472.89990234375,2436.0,2459.800048828125,2752075,2557.0599853515623,2922.870712890625,-0.00912815971902381,0.006737281510396327,TCS.NS
2026-03-13,2410.5,2445.89990234375,2397.0,2437.0,2466488,2533.339990234375,2908.1016064453124,-0.013060884220122415,0.004666594323286406,TCS.NS
2026-03-16,2409.199951171875,2425.0,2366.10009765625,2410.0,3807907,2510.5199951171876,2892.890068359375,-0.0005393274541070081,0.005191532995870874,TCS.NS
2026-03-17,2391.699951171875,2420.0,2360.0,2420.0,2993367,2488.339990234375,2876.870849609375,-0.007263822162825395,0.005220087370121427,TCS.NS
2026-03-18,2440.800048828125,2482.89990234375,2410.0,2410.0,3082388,2473.639990234375,2862.5132763671877,0.020529371852097134,0.010610419973409538,TCS.NS
2026-03-19,2356.0,2424.0,2350.199951171875,2417.0,2757060,2451.3599853515625,2845.6798779296873,-0.03474272661901945,0.013940251530942421,TCS.NS
2026-03-20,2390.60009765625,2407.800048828125,2364.199951171875,2386.0,4206320,2434.6599853515627,2828.7566943359375,0.01468594976920623,0.015820762001518055,TCS.NS
2026-03-23,2383.800048828125,2406.800048828125,2348.0,2365.0,3860515,2420.3,2813.49876953125,-0.0028444944994320265,0.015747699800615796,TCS.NS
2026-03-24,2398.800048828125,2435.39990234375,2379.10009765625,2404.10009765625,3420182,2408.8699951171875,2798.4642333984375,0.006292474071964982,0.016199892751647953,TCS.NS
2026-03-25,2377.39990234375,2421.60009765625,2369.800048828125,2400.89990234375,5842807,2400.1199951171875,2782.3770458984377,-0.008921188114378031,0.01547750190367766,TCS.NS
2025-06-09,1549.183837890625,1564.0561360451065,1547.3124620446238,1554.2069160448225,2903202,1532.89384765625,1482.4010815429688,0.00581914423398433,0.005748736515997493,INFY.NS
2025-06-10,1571.935546875,1583.2621501262925,1553.7144894707471,1560.116482612782,8591925,1537.5904418945313,1482.2069482421875,0.014686255064056075,0.006540626166783969,INFY.NS
2025-06-11,1606.5062255859375,1609.9534525332194,1566.1244242034918,1566.1244242034918,10597410,1545.5789916992187,1483.2675537109376,0.021992427602813613,0.008793585648260825,INFY.NS
2025-06-12,1584.345458984375,1603.452969273507,1574.0037782857437,1592.6188275892266,10483574,1550.0111328125,1483.8053002929687,-0.013794385759992811,0.01049133863938301,INFY.NS
2025-06-13,1577.844970703125,1584.7394243828517,1546.5244044661895,1552.2369998927122,6968315,1553.8818725585938,1484.8521240234375,-0.004102948788338834,0.010678457137605726,INFY.NS
2025-06-16,1599.31640625,1610.1505483486199,1573.01891647278,1575.875214344727,5591842,1560.7763305664062,1487.1859985351562,0.013608076804470182,0.010769122218602786,INFY.NS
2025-06-17,1615.173583984375,1622.5604988569514,1591.2399317053334,1596.2630097727385,7622083,1570.3202270507813,1489.3776098632814,0.009914972217133888,0.010080749196153453,INFY.NS
2025-06-18,1608.2791748046875,1619.9011823893957,1596.5585788351507,1596.5585788351507,5629707,1578.3670532226563,1492.4734936523437,-0.00426852522109733,0.01061105609462335,INFY.NS
2025-06-19,1593.997802734375,1605.4228739879738,1587.2018168292147,1599.4148737815738,5147760,1584.6804077148438,1496.1549658203126,-0.008879908596744035,0.011496067565472473,INFY.NS
2025-06-20,1598.429931640625,1606.1122510729595,1584.6410236941556,1594.58871180959,9202821,1590.5012939453125,1500.9915185546874,0.0027805113022407735,0.011479821653367259,INFY.NS
2025-06-23,1560.116455078125,1576.8601291540897,1551.6461498856431,1576.8601291540897,7943676,1591.5945556640625,1504.4392260742188,-0.023969443892467135,0.014387300979632239,INFY.NS
2025-06-24,1557.7525634765625,1584.739449496533,1552.827953627288,1576.860073737694,8083992,1590.1762573242188,1508.3272290039063,-0.0015152020183288872,0.013536479087567166,INFY.NS
2025-06-25,1590.550537109375,1595.4751470327865,1561.199813873949,1566.025955644839,7813533,1588.5806884765625,1512.7594946289062,0.0210546747935465,0.013362994276353148,INFY.NS
2025-06-26,1591.6339111328125,1599.5132869304996,1582.3756205245834,1584.5425210067874,6519233,1589.3095336914062,1516.891943359375,0.0006811314687342751,0.01257380766795626,INFY.NS
2025-06-27,1583.7545166015625,1605.0288069577266,1578.238977654369,1594.5886581952298,8912268,1589.90048828125,1521.1173876953126,-0.0049505068195248025,0.012611309846236912,INFY.NS
2025-06-30,1577.6480712890625,1590.648993297183,1570.064099926214,1590.648993297183,6294505,1587.7336547851562,1525.0963842773438,-0.0038556766522145347,0.011766984758678066,INFY.NS
2025-07-01,1582.57275390625,1593.308307768125,1576.3676970723639,1584.7395342639384,4178937,1584.4735717773438,1528.5619799804688,0.00312153433126805,0.011231433190402521,INFY.NS
2025-07-02,1586.2169189453125,1624.1364168524187,1579.2239966239758,1593.6038341220215,8653641,1582.2673461914062,1532.6482470703124,0.0023026840504283275,0.011274817733185618,INFY.NS
2025-07-03,1594.293212890625,1607.786716594206,1590.6490495377586,1594.0962765801005,5259695,1582.2968872070312,1535.883994140625,0.005091544446949037,0.011098616338661453,INFY.NS
2025-07-04,1615.96142578125,1618.6207872342948,1587.9897380569496,1600.4981989662078,4411273,1584.0500366210938,1539.6210913085938,0.013591109035293591,0.011889822855277708,INFY.NS
2025-07-07,1602.4681396484375,1619.2118141254034,1598.5284515362102,1615.2721260131761,3294523,1588.285205078125,1542.9173828125,-0.008350005091420476,0.00886325728021417,INFY.NS
2025-07-08,1613.9915771484375,1621.378491891406,1597.0509674297891,1603.4529602070286,4590681,1593.9091064453125,1546.407236328125,0.007191055606589503,0.00882886347323974,INFY.NS
2025-07-09,1609.0670166015625,1613.3022292758048,1599.1193284889714,1613.1052929685202,4580828,1595.7607543945312,1549.4994482421876,-0.0030511686780767544,0.006518455000614526,INFY.NS
2025-07-10,1591.43701171875,1614.1886858160015,1582.868118202301,1614.1886858160015,5330179,1595.741064453125,1552.1885571289063,-0.010956662899005876,0.007570794212920401,INFY.NS
2025-07-11,1570.85205078125,1582.8680505457567,1539.433016356687,1555.2902357933656,11391755,1594.4508178710937,1554.3338745117187,-0.01293482606343832,0.008514650309559212,INFY.NS
2025-07-14,1546.623046875,1567.7988696310574,1536.2813659941348,1567.7988696310574,9173426,1591.3483154296875,1555.9615893554687,-0.0154241157811138,0.009683802360239614,INFY.NS
2025-07-15,1561.6922607421875,1579.4208563061295,1540.4179701114037,1541.5013602388092,7614807,1589.2602661132812,1557.8343579101563,0.009743300992206994,0.010276752793061813,INFY.NS
2025-07-16,1583.6561279296875,1587.6942841349517,1554.6993967165145,1555.1918577227598,6223491,1589.0041870117188,1560.2085620117186,0.014064145503968728,0.011349360980690002,INFY.NS
2025-07-17,1559.6240234375,1585.7244570472844,1556.2752645133157,1573.9053927711557,7374814,1585.5372680664063,1562.041904296875,-0.015175077511053292,0.01210307487288381,INFY.NS
2025-07-18,1562.1846923828125,1575.1857343566385,1556.176692489401,1568.0942241264431,5161833,1580.1595947265625,1564.0002783203124,0.0016418501554422704,0.01090947362504779,INFY.NS
2025-07-21,1560.4119873046875,1565.041072656143,1543.1758521432762,1556.1767745731315,3682661,1575.9539794921875,1563.6057788085936,-0.0011347602410705093,0.010778023943789503,INFY.NS
2025-07-22,1547.2139892578125,1561.889351060241,1541.4029254290974,1541.4029254290974,8473741,1569.276220703125,1564.0798071289062,-0.008458021441934749,0.01032441013412842,INFY.NS
2025-07-23,1550.7596435546875,1567.897309898412,1526.629055261839,1552.5325511946266,8035026,1563.4454833984375,1564.1624291992186,0.002291637951500114,0.010524953182048505,INFY.NS
2025-07-24,1529.0914306640625,1558.1466301517212,1524.8562179010848,1556.1767861186595,14169664,1557.2109252929688,1563.4115307617187,-0.013972644297704728,0.010797771319818798,INFY.NS
2025-07-25,1492.84619140625,1526.1366022975346,1488.512630894258,1520.12860228797,10851259,1549.4103393554688,1562.3844458007814,-0.023703775020223472,0.012236189627541185,INFY.NS
2025-07-28,1493.1417236328125,1496.392014262957,1460.14683725966,1491.0734115180542,6439855,1544.06220703125,1561.94796875,0.00019796562315921307,0.011746720490806304,INFY.NS
2025-07-29,1490.8763427734375,1494.3235696797126,1473.5417400906863,1490.0884773327002,7070448,1536.980615234375,1561.45064453125,-0.0015171907820399344,0.010846656223494426,INFY.NS
2025-07-30,1496.0965576171875,1498.7557989957106,1483.2925712781332,1496.9830114866083,5719051,1528.224658203125,1560.9042651367188,0.0035014405245969993,0.009222376818880856,INFY.NS
2025-07-31,1486.247314453125,1504.0743788045277,1474.428250322285,1486.936711768862,6851407,1520.8869873046874,1560.5688305664062,-0.006583293781351474,0.008614829587482178,INFY.NS
2025-08-01,1447.4412841796875,1476.1024890867666,1443.4031282013243,1471.3749358302919,8702978,1509.412646484375,1559.1212182617187,-0.02611007595846615,0.010567263246276867,INFY.NS
2025-08-04,1458.177001953125,1460.4423706154291,1429.1218033326475,1439.4634841975633,8610216,1499.1891479492188,1557.5833471679687,0.00741703162040297,0.011452935554565637,INFY.NS
2025-08-05,1438.2816162109375,1456.4040844682859,1433.0614816224124,1456.4040844682859,10213323,1488.2959106445312,1555.8495874023438,-0.013644012843117781,0.011657292616620473,INFY.NS
2025-08-06,1415.037353515625,1434.14486387826,1408.7339490588547,1430.1067078263497,10566934,1474.723681640625,1553.617919921875,-0.01616113453257373,0.01144425556274035,INFY.NS
2025-08-07,1415.234375,1420.2574529025999,1392.876574581379,1408.4383894942564,9892020,1463.3379760742187,1551.1221264648439,0.00013923412260852253,0.011639241948143881,INFY.NS
2025-08-08,1401.6424560546875,1411.590144080286,1395.7329241309972,1403.5138318764698,10048009,1454.2176025390625,1548.3722241210937,-0.009604005658294223,0.010248900336779165,INFY.NS
2025-08-11,1406.66552734375,1411.7871937906966,1392.6796832838538,1398.4907470266712,6625368,1445.5699829101563,1545.8980981445313,0.003583703723702314,0.010536954573498443,INFY.NS
2025-08-12,1402.62744140625,1419.2726477892124,1399.5742071536924,1406.6655976905836,9899184,1436.7450927734376,1543.5559545898439,-0.0028706795318467204,0.010482987016061058,INFY.NS
2025-08-13,1405.0897216796875,1412.3781686321047,1400.953097311154,1403.5138705026145,10318063,1427.6444091796875,1541.1015307617188,0.0017554770431189581,0.010319811070801387,INFY.NS
2025-08-14,1425.8714599609375,1447.835267553816,1404.6956380205245,1404.6956380205245,12902347,1421.6068237304687,1539.0016748046876,0.014790328304734146,0.012263689337688875,INFY.NS
2025-08-18,1414.1510009765625,1442.6151494914589,1408.0444126749926,1442.6151494914589,7254561,1418.2777954101562,1536.4802734375,-0.008219856637495249,0.009735660927506542,INFY.NS
2025-08-19,1418.2877197265625,1427.5460108318366,1411.0977408332749,1411.0977408332749,3986094,1414.2888671875,1533.8623510742189,0.0029252312851621998,0.009333807884286666,INFY.NS
2025-08-20,1473.6402587890625,1476.3980885005715,1418.9770874002822,1418.9770874002822,10413061,1417.8247314453124,1531.8964453125,0.03902772215582018,0.015388669872473235,INFY.NS
2025-08-21,1473.8372802734375,1485.262351237006,1461.9197483180794,1485.262351237006,6565539,1423.7047241210937,1529.24306640625,0.00013369713754762813,0.01398776008404958,INFY.NS
2025-08-22,1465.0714111328125,1481.6181481033814,1463.6924963469764,1475.5115598317454,5543397,1428.688427734375,1526.8575854492187,-0.005947650570352403,0.014311161124412138,INFY.NS
2025-08-25,1508.9989013671875,1515.7948868943363,1483.981859694785,1483.981859694785,10694531,1439.424072265625,1525.4806640625,0.02998317344845991,0.015676127222710744,INFY.NS
2025-08-26,1506.53662109375,1515.2039825206518,1495.7024794249892,1500.03616013844,15994798,1449.411181640625,1523.625068359375,-0.0016317309914584133,0.015906559899181216,INFY.NS
2025-08-28,1477.4814453125,1506.5366438633127,1475.413133190423,1506.5366438633127,5443364,1456.89658203125,1520.8712255859375,-0.019286073351576283,0.01777504624117998,INFY.NS
2025-08-29,1447.4412841796875,1479.254311487481,1445.5699084151588,1479.254311487481,8169075,1461.13173828125,1517.6544677734375,-0.02033200567636151,0.019554946744869465,INFY.NS
2025-09-01,1476.7921142578125,1480.7318023736236,1453.941851048263,1454.4343120627393,4546057,1466.2238037109375,1515.3103540039062,0.020277734509112744,0.01999021177376587,INFY.NS
2025-09-02,1476.1025390625,1489.9900353122632,1463.8896025641538,1476.7920565936874,5218763,1472.4189575195312,1512.8638061523438,-0.000466941276740962,0.019623837305039544,INFY.NS
2025-09-03,1456.798095703125,1479.2543652339205,1450.7900955921732,1477.3829894013984,4623483,1476.2699951171876,1510.7974389648436,-0.013077982625540052,0.020400806367464087,INFY.NS
2025-09-04,1440.94091796875,1461.6242804276317,1438.0846200594328,1461.6242804276317,5787724,1473.0000610351562,1508.4612060546874,-0.010884952266993153,0.0162556869209312,INFY.NS
2025-09-05,1422.8182373046875,1450.4945202945664,1411.3931666312185,1447.835279098319,5466487,1467.8981567382812,1505.1065600585937,-0.0125769769170061,0.016553804863409887,INFY.NS
2025-09-08,1411.2947998046875,1436.0163186937275,1406.7641825159365,1429.1218644887508,3811567,1462.5204956054688,1501.4997778320312,-0.008099022909510478,0.016604577356722276,INFY.NS
2025-09-09,1481.6181640625,1484.474341584966,1450.297597398603,1458.6694341238242,13072640,1459.782421875,1499.45705078125,0.049828968595041045,0.021523175312264015,INFY.NS
2025-09-10,1509.491455078125,1511.756823802922,1486.5428442826578,1487.330709756259,7281071,1460.0779052734374,1498.0939184570314,0.01881273575858322,0.022472508875650752,INFY.NS
2025-09-11,1486.9366455078125,1504.4683046125388,1483.7849433052634,1500.922609577238,8003662,1461.0234252929688,1496.1811962890624,-0.014941992214951072,0.022087958494246804,INFY.NS
2025-09-12,1502.596923828125,1519.6361218926327,1498.1647749913177,1513.8250582606502,12856963,1466.5389892578125,1494.5087963867188,0.010531906902438548,0.02092436329797076,INFY.NS
2025-09-15,1485.6563720703125,1504.4683582651935,1478.5648615170796,1502.5969824151846,6167414,1467.4254150390625,1492.3360595703125,-0.011274182376637354,0.020562858075541295,INFY.NS
2025-09-16,1488.5126953125,1491.1719366717366,1480.8302554728903,1485.656397411633,8923112,1468.6664306640625,1489.7870849609376,0.0019226002027690203,0.020560575085639226,INFY.NS
2025-09-17,1499.4453125,1503.680405062861,1491.1719434573272,1494.028241371192,4795698,1472.93115234375,1487.7266284179686,0.007344658343813926,0.020011127766615764,INFY.NS
2025-09-18,1517.370849609375,1531.5537508334592,1515.302537400178,1526.6291407021617,9331945,1480.5741455078125,1485.7942138671874,0.011954778850512326,0.01953972023174026,INFY.NS
2025-09-19,1516.976806640625,1527.9095369547413,1497.179898612735,1521.3104874589542,12988129,1489.9900024414062,1483.9524096679688,-0.00025968797861875004,0.018652131183374006,INFY.NS
2025-09-22,1476.8905029296875,1491.8612688721596,1459.6543683506482,1460.3437656419162,15655204,1496.5495727539062,1481.6614794921875,-0.026425126300849255,0.021006544278588918,INFY.NS
2025-09-23,1474.920654296875,1490.186944875574,1470.4885054191882,1470.4885054191882,9832164,1495.8798217773438,1479.7428515625,-0.001333781095419706,0.013802398205239316,INFY.NS
2025-09-24,1472.0643310546875,1474.1326431158677,1460.3437357350242,1464.7758845360097,4937004,1492.137109375,1478.2516772460938,-0.001936594510264844,0.012046721938009186,INFY.NS
2025-09-25,1462.4122314453125,1480.04223903444,1454.2373307659764,1466.5488557470633,9491867,1489.68466796875,1476.2660766601562,-0.006556846331885247,0.011351741650222052,INFY.NS
2025-09-26,1427.053466796875,1456.404069373631,1419.4694954878144,1452.7599061754568,8597058,1482.130322265625,1473.1340234375,-0.0241783841027452,0.012479557194100167,INFY.NS
2025-09-29,1420.060546875,1442.9106885263222,1414.8404123331482,1437.9860786678707,10513117,1475.5707397460938,1470.34275390625,-0.004900250820714547,0.012289031364873483,INFY.NS
2025-09-30,1420.060546875,1430.303639196793,1416.416263441906,1421.2424051491353,7556305,1468.7255249023438,1467.5002709960938,0.0,0.012193149112156802,INFY.NS
2025-10-01,1424.000244140625,1427.6444073679875,1405.877655696216,1424.197180444367,6250692,1461.1810180664063,1464.7720361328124,0.002774316401011667,0.011772881439903002,INFY.NS
2025-10-03,1424.7880859375,1426.4625254104503,1411.5901076030302,1417.3027030735375,6877533,1451.9227416992187,1462.3235180664062,0.0005532595939619078,0.010412688220930225,INFY.NS
2025-10-06,1453.744873046875,1456.5027027407555,1420.5530497148675,1424.7881421800753,4630590,1445.5995483398438,1460.38322265625,0.020323574709232295,0.013344767569402071,INFY.NS
2025-10-07,1436.5086669921875,1460.5407866669368,1432.0765182081868,1455.4191203786977,5570320,1441.5613647460937,1458.5315673828125,-0.01185641743214716,0.011280525346248033,INFY.NS
2025-10-08,1472.4583740234375,1475.4131399913774,1433.061494450904,1435.0313384295307,4657192,1441.31513671875,1458.1238110351562,0.025025750179790363,0.014310859442946394,INFY.NS
2025-10-09,1486.5428466796875,1491.171932062491,1464.5790376333712,1479.352867871771,7028753,1442.76298828125,1457.9918334960937,0.009565277297289398,0.014603842917457288,INFY.NS
2025-10-10,1492.058349609375,1498.755747016607,1476.2011295853695,1487.2322078030077,3738353,1445.7276000976562,1458.0154736328125,0.003710288567871922,0.014366657924194073,INFY.NS
2025-10-13,1470.6854248046875,1482.0120273618204,1461.0332617199265,1474.4281763502415,5859355,1450.0907958984376,1457.5072509765625,-0.014324456419739229,0.012592205383210712,INFY.NS
2025-10-14,1467.435302734375,1491.5658915845438,1464.0865439092208,1476.3980688327763,5600789,1454.828271484375,1457.1310107421875,-0.002209936955582581,0.01243029271204617,INFY.NS
2025-10-15,1452.1690673828125,1466.1549121391147,1445.373081319078,1461.5258266826634,6986098,1458.0391235351562,1457.22556640625,-0.010403344749247756,0.013156523144907029,INFY.NS
2025-10-16,1449.312744140625,1452.267510183725,1438.478601982591,1451.6765810210527,8005748,1460.5703735351562,1457.04828125,-0.0019669357420863953,0.013223425541266357,INFY.NS
2025-10-17,1419.37109375,1436.410292725158,1412.3781714796953,1432.9630656678505,16959378,1460.0286743164063,1456.6700708007813,-0.020659205897191613,0.015030949242657781,INFY.NS
2025-10-20,1438.87255859375,1444.8805586841174,1428.136884861602,1431.781048131079,6994246,1458.5414428710938,1457.1467749023439,0.013739511062062615,0.014146359466046652,INFY.NS
2025-10-21,1450.19921875,1463.5941342911037,1447.8353818357486,1455.7147580634262,1698704,1459.910498046875,1457.8460717773437,0.00787189948727618,0.01382652493232939,INFY.NS
2025-10-23,1505.4532470703125,1522.6893817276436,1483.292502510887,1487.2321904325627,20358624,1463.2099853515624,1459.9222875976564,0.03810099164716063,0.016672644226690903,INFY.NS
2025-10-24,1502.4000244140625,1519.7346273554492,1495.111577657532,1516.2874003977408,8652257,1464.795703125,1461.8369775390624,-0.0020281085860299752,0.016516942559240723,INFY.NS
2025-10-27,1504.5,1515.300048828125,1498.0999755859375,1510.0,7273211,1466.0398681640625,1463.8744287109375,0.0013977473055197809,0.016493800157132248,INFY.NS
2025-10-28,1500.199951171875,1506.5,1490.5,1499.699951171875,8211019,1468.9913208007813,1465.7766333007812,-0.0028581248442173246,0.0156929299869681,INFY.NS
2025-10-29,1510.4000244140625,1520.199951171875,1496.9000244140625,1500.199951171875,4884976,1473.28779296875,1467.4672045898437,0.006799142497118327,0.015676700467116715,INFY.NS
2025-10-30,1493.800048828125,1508.199951171875,1489.0999755859375,1507.0,5608867,1477.4508911132812,1469.060185546875,-0.010990449760074128,0.015733468388731256,INFY.NS
2025-10-31,1482.300048828125,1497.0999755859375,1480.699951171875,1490.0,4819814,1480.7496215820313,1470.3404321289063,-0.007698486828288442,0.016033645101156978,INFY.NS
2025-11-03,1485.5,1491.4000244140625,1474.199951171875,1482.300048828125,5470600,1487.3625122070312,1470.577626953125,0.002158774247093209,0.013870226787411793,INFY.NS
2025-11-04,1467.9000244140625,1481.9000244140625,1462.9000244140625,1479.699951171875,8691330,1490.2652587890625,1470.4588818359375,-0.011847846237588389,0.014358508126734334,INFY.NS
2025-11-06,1466.699951171875,1483.0,1461.9000244140625,1478.5999755859375,7944752,1491.91533203125,1470.4914526367188,-0.0008175442620259599,0.01423213591902149,INFY.NS
2025-11-07,1476.800048828125,1480.9000244140625,1449.0999755859375,1470.0,8765759,1489.0500122070312,1469.8474755859374,0.006886273943201626,0.006646193330161134,INFY.NS
2025-11-10,1513.5,1520.0,1490.0,1490.0999755859375,9787975,1490.160009765625,1469.9867431640625,0.024850995367312834,0.010754277109743847,INFY.NS
2025-11-11,1530.300048828125,1533.4000244140625,1511.0999755859375,1525.0,13692989,1492.7400146484374,1471.043115234375,0.011100131369755628,0.011242004502637957,INFY.NS
2025-11-12,1551.699951171875,1559.199951171875,1538.0999755859375,1540.0,14635417,1497.8900146484375,1473.1282885742187,0.01398412184599862,0.011724796394009416,INFY.NS
2025-11-13,1541.800048828125,1557.5,1530.300048828125,1557.0999755859375,19655689,1501.0300170898438,1474.428447265625,-0.006380036511745346,0.012041982343081533,INFY.NS
2025-11-14,1502.800048828125,1530.0,1488.800048828125,1520.0,9739549,1501.9300170898437,1474.9623974609376,-0.025295108811056677,0.014393121164066765,INFY.NS
2025-11-17,1507.5999755859375,1510.199951171875,1492.5,1496.0,7910354,1504.460009765625,1475.9784350585937,0.003193988955187743,0.014096517153243627,INFY.NS
2025-11-18,1486.4000244140625,1506.0,1483.199951171875,1506.0,7525119,1504.5500122070312,1476.8876171875,-0.0140620532735386,0.014955605825213488,INFY.NS
2025-11-19,1541.0999755859375,1543.0,1490.5,1490.5,10981126,1511.8700073242187,1479.253251953125,0.03680028947351355,0.018179854268516392,INFY.NS
2025-11-20,1536.5,1555.0,1534.0,1555.0,7387584,1518.8500122070313,1481.7573559570312,-0.0029848651345208976,0.018269955884980506,INFY.NS
2025-11-21,1545.0,1551.5,1526.300048828125,1531.0,9186302,1525.6700073242187,1483.0249926757813,0.0055320533680442985,0.018257865739817088,INFY.NS
2025-11-24,1548.0,1585.0,1541.0,1563.5999755859375,19270381,1529.1200073242187,1483.7951635742188,0.001941747572815622,0.016825956916948992,INFY.NS
2025-11-25,1530.5999755859375,1550.5999755859375,1525.9000244140625,1549.0,8107952,1529.15,1484.6684301757812,-0.011240325848877575,0.017021925931635803,INFY.NS
2025-11-26,1557.9000244140625,1560.300048828125,1532.0999755859375,1532.0999755859375,7575038,1529.7700073242188,1485.7744921875,0.01783617487493694,0.017408987251882342,INFY.NS
2025-11-27,1566.4000244140625,1574.300048828125,1552.199951171875,1564.0,7552252,1532.2300048828124,1487.389365234375,0.005456062562934294,0.017288610878621734,INFY.NS
2025-11-28,1560.0999755859375,1568.4000244140625,1557.0,1565.0,4453221,1537.9599975585938,1488.8211108398436,-0.004021992294389598,0.014712270667717815,INFY.NS
2025-12-01,1564.0,1574.0,1556.0,1562.5,5341800,1543.6,1490.1122045898437,0.00249985544201925,0.014717320635292623,INFY.NS
2025-12-02,1561.0,1579.9000244140625,1556.0999755859375,1567.0,6335969,1551.0599975585938,1490.9847875976564,-0.0019181585677748858,0.01353548026963638,INFY.NS
2025-12-03,1578.699951171875,1586.0,1554.0999755859375,1555.0999755859375,12895312,1554.8199951171875,1492.2192504882812,0.011338854049887992,0.008249392449283771,INFY.NS
2025-12-04,1597.5999755859375,1599.0,1568.0,1568.0,12609619,1560.9299926757812,1494.6334399414063,0.01197189142878785,0.008507589687181386,INFY.NS
2025-12-05,1616.199951171875,1631.800048828125,1600.0,1610.0,10344725,1568.0499877929688,1497.4590258789062,0.011642448591748122,0.008847321111136614,INFY.NS
2025-12-08,1610.800048828125,1630.0,1600.199951171875,1617.0999755859375,7550413,1574.3299926757813,1500.233740234375,-0.0033411103247680263,0.009172171250685349,INFY.NS
2025-12-09,1599.0,1606.9000244140625,1582.4000244140625,1601.199951171875,6957599,1581.1699951171875,1502.9654956054687,-0.007325582611392156,0.008507853571635653,INFY.NS
2025-12-10,1584.800048828125,1608.0,1582.800048828125,1608.0,5116140,1583.8599975585937,1506.1204272460936,-0.008880519807301424,0.008004548247783867,INFY.NS
2025-12-11,1598.0,1607.4000244140625,1580.5,1598.0,5159319,1587.0199951171876,1509.6792163085938,0.008329095636787631,0.008201790221111378,INFY.NS
2025-12-12,1598.199951171875,1601.800048828125,1582.5999755859375,1601.4000244140625,4633912,1590.8299926757813,1513.2420043945312,0.00012512588978408345,0.007963183823852641,INFY.NS
2025-12-15,1606.800048828125,1610.800048828125,1585.0,1585.0,4190558,1595.1099975585937,1516.8980004882812,0.005381114953697752,0.008017362641819157,INFY.NS
2025-12-16,1592.9000244140625,1603.0,1585.5999755859375,1600.0,5499258,1598.3,1520.2602392578126,-0.008650749310220696,0.008704516177061666,INFY.NS
2025-12-17,1602.0,1606.9000244140625,1586.0,1587.199951171875,4817628,1600.6300048828125,1523.225341796875,0.005712835360954127,0.008205605601554944,INFY.NS
2025-12-18,1626.800048828125,1630.0,1606.699951171875,1610.5,6577293,1603.5500122070312,1527.0311694335937,0.015480679667993158,0.008759631406690368,INFY.NS
2025-12-19,1638.699951171875,1654.9000244140625,1629.800048828125,1650.0,13149023,1605.8000122070312,1530.3560009765624,0.007314913933228695,0.008317703239198074,INFY.NS
2025-12-22,1689.5999755859375,1693.199951171875,1664.0,1664.0,23098923,1613.6800048828125,1534.4171435546875,0.031061222878332684,0.012295493536570438,INFY.NS
2025-12-23,1668.300048828125,1679.0,1656.4000244140625,1679.0,6593060,1620.610009765625,1537.9419775390625,-0.01260649092423538,0.012971587570774509,INFY.NS
2025-12-24,1663.4000244140625,1667.5999755859375,1652.5,1661.0,4271167,1628.4700073242188,1541.79626953125,-0.0029371361689429776,0.01242380674149471,INFY.NS
2025-12-26,1656.0999755859375,1668.800048828125,1651.699951171875,1663.4000244140625,2006491,1634.2800048828126,1545.5695629882812,-0.004388630949248906,0.012684375242266776,INFY.NS
2025-12-29,1644.699951171875,1673.0999755859375,1637.0999755859375,1658.0,4062817,1638.9300048828125,1549.4201806640624,-0.006883657135511423,0.013087955853260079,INFY.NS
2025-12-30,1621.5999755859375,1647.9000244140625,1616.800048828125,1647.0,9395937,1640.4099975585937,1552.8659252929688,-0.014045100183458059,0.014090086571059483,INFY.NS
2025-12-31,1615.4000244140625,1628.5999755859375,1609.199951171875,1621.0,6538656,1642.6599975585937,1556.78650390625,-0.003823354258274958,0.013802239661761664,INFY.NS
2026-01-01,1629.800048828125,1639.5999755859375,1614.0999755859375,1615.4000244140625,3658165,1645.4400024414062,1560.6050537109375,0.008914215795734926,0.013947471131178453,INFY.NS
2026-01-02,1640.4000244140625,1643.5,1627.5,1635.9000244140625,2524526,1646.8,1564.4090698242187,0.006503850330326744,0.013240720083747997,INFY.NS
2026-01-05,1606.4000244140625,1637.0,1583.0999755859375,1637.0,5917885,1643.5700073242188,1566.4280053710938,-0.02072665172761412,0.014630235049264593,INFY.NS
2026-01-06,1612.199951171875,1619.9000244140625,1599.0,1600.0999755859375,4466729,1635.8300048828125,1568.62400390625,0.0036105121200604717,0.009400580216071987,INFY.NS
2026-01-07,1639.0,1642.0,1615.0,1615.0,4508079,1632.9,1571.31400390625,0.016623278526118668,0.011047672618597982,INFY.NS
2026-01-08,1613.300048828125,1644.300048828125,1608.5999755859375,1638.9000244140625,3942131,1627.8900024414063,1573.576005859375,-0.015680263070088518,0.011905876447903245,INFY.NS
2026-01-09,1614.0999755859375,1631.300048828125,1607.0,1610.0,6816681,1623.6900024414062,1575.6500048828125,0.0004958326000135127,0.011942240649109395,INFY.NS
2026-01-12,1595.9000244140625,1613.300048828125,1592.5999755859375,1610.0999755859375,6985362,1618.810009765625,1577.6920043945313,-0.011275603399515721,0.01219931643410639,INFY.NS
2026-01-13,1599.0,1618.0,1586.4000244140625,1618.0,8080618,1616.5500122070312,1580.0260034179687,0.0019424622711410322,0.011615962981278555,INFY.NS
2026-01-14,1599.800048828125,1617.0,1583.0999755859375,1588.0,7557157,1614.9900146484374,1582.3120043945312,0.0005003432320982437,0.011593769098049933,INFY.NS
2026-01-15,1599.800048828125,1599.800048828125,1599.800048828125,1599.800048828125,0,1611.9900146484374,1584.9500048828124,0.0,0.011086128058323425,INFY.NS
2026-01-16,1689.800048828125,1694.0,1653.4000244140625,1663.699951171875,19335957,1616.9300170898437,1589.4120068359375,0.05625703041197316,0.021500152863129587,INFY.NS
2026-01-19,1681.199951171875,1685.0,1666.5,1685.0,5104958,1624.410009765625,1593.5000048828124,-0.0050894173320767955,0.020091120354220435,INFY.NS
2026-01-20,1658.9000244140625,1680.199951171875,1652.9000244140625,1673.0,6406503,1629.0800170898438,1596.4080053710939,-0.013264291818631313,0.02088919850191614,INFY.NS
2026-01-21,1654.4000244140625,1657.0,1631.199951171875,1651.0,6224582,1630.62001953125,1598.8900048828125,-0.0027126408667028645,0.020382045828552325,INFY.NS
2026-01-22,1663.5,1671.199951171875,1653.800048828125,1666.0,6228892,1635.6400146484375,1601.126005859375,0.005500468720774032,0.019525026440667063,INFY.NS
2026-01-23,1670.800048828125,1675.699951171875,1662.199951171875,1667.199951171875,5869137,1641.3100219726562,1603.706005859375,0.004388367194544607,0.019503129936072585,INFY.NS
2026-01-27,1682.699951171875,1689.4000244140625,1661.0999755859375,1685.800048828125,10673087,1649.9900146484374,1607.30400390625,0.0071222779482778,0.018796322152504274,INFY.NS
2026-01-28,1666.5,1688.800048828125,1650.0,1680.0,8588664,1656.7400146484374,1610.4820043945313,-0.009627355822167227,0.019384094010099263,INFY.NS
2026-01-29,1659.5,1666.5,1642.0999755859375,1658.0,4749582,1662.710009765625,1613.94400390625,-0.00420042004200416,0.01954302445408253,INFY.NS
2026-01-30,1641.0,1655.0,1618.0999755859375,1655.0,9207926,1666.8300048828125,1615.9420043945313,-0.01114793612533893,0.020096365885875246,INFY.NS
2026-02-02,1629.4000244140625,1662.0,1618.0,1662.0,6784887,1660.7900024414062,1617.8000048828126,-0.0070688455733927125,0.007177873781965884,INFY.NS
2026-02-03,1656.0,1728.0,1653.0,1727.199951171875,8805868,1658.2700073242188,1620.0200048828126,0.01632501238945472,0.009504701924580689,INFY.NS
2026-02-04,1535.800048828125,1584.9000244140625,1510.0999755859375,1574.0,28828622,1645.960009765625,1619.776005859375,-0.07258451157721924,0.02444837522532198,INFY.NS
2026-02-05,1520.199951171875,1551.0,1515.699951171875,1534.0,10628127,1632.5400024414062,1619.5680053710937,-0.010157635864221692,0.02440307260044496,INFY.NS
2026-02-06,1507.0999755859375,1525.0,1480.0,1522.0999755859375,13900866,1616.9,1618.5520043945312,-0.008617271416065497,0.023929714447789924,INFY.NS
2026-02-09,1497.199951171875,1528.0,1493.0,1522.0999755859375,8294615,1599.539990234375,1617.1680029296874,-0.006568923478492916,0.023466604875106923,INFY.NS
2026-02-10,1497.800048828125,1515.9000244140625,1491.0,1500.0,8657000,1581.05,1615.9220043945313,0.0004008133020445559,0.0229923858773442,INFY.NS
2026-02-11,1471.9000244140625,1505.9000244140625,1469.0,1501.199951171875,7934411,1561.5900024414063,1614.0800048828125,-0.017292044044414756,0.023057179249207863,INFY.NS
2026-02-12,1386.0,1435.699951171875,1380.5,1428.9000244140625,26048896,1534.2400024414062,1610.5800048828125,-0.05835995854966969,0.027018331752013618,INFY.NS
2026-02-13,1369.0999755859375,1377.300048828125,1281.5,1293.9000244140625,45785709,1507.05,1606.3880053710936,-0.012193379808125848,0.026993002292523376,INFY.NS
2026-02-16,1365.5999755859375,1376.0,1338.300048828125,1373.699951171875,14621891,1480.6699951171875,1601.7480053710938,-0.0025564239737145833,0.027225544961995782,INFY.NS
2026-02-17,1391.199951171875,1431.0,1367.0,1370.0,25347684,1454.189990234375,1597.2480053710938,0.01874632106298435,0.027565087306146242,INFY.NS
2026-02-18,1373.699951171875,1401.0,1345.300048828125,1390.9000244140625,20241373,1437.97998046875,1592.5060034179687,-0.012579068871630517,0.019432341358140977,INFY.NS
2026-02-19,1370.5,1402.0,1363.199951171875,1385.0,14574228,1423.0099853515626,1587.9360034179688,-0.002329439677962508,0.019623105324629256,INFY.NS
2026-02-20,1353.199951171875,1365.0,1338.199951171875,1359.199951171875,12633552,1407.6199829101563,1583.3040014648439,-0.012623165872400532,0.01962956843902197,INFY.NS
2026-02-23,1327.5,1352.0,1318.0,1352.0,12887826,1390.6499877929687,1577.8940014648438,-0.018991983519966005,0.01974342108551112,INFY.NS
2026-02-24,1275.5,1303.5999755859375,1264.0999755859375,1301.0,27839061,1368.4199829101562,1571.4400024414062,-0.03917137476459509,0.02095952444231376,INFY.NS
2026-02-25,1290.0999755859375,1323.5999755859375,1286.199951171875,1286.199951171875,16669618,1350.2399780273438,1565.1060009765624,0.011446472431154486,0.022626277215027853,INFY.NS
2026-02-26,1289.0999755859375,1314.0,1286.300048828125,1305.5,11493914,1340.5499755859375,1559.03,-0.0007751337252338564,0.01616536271962625,INFY.NS
2026-02-27,1300.0999755859375,1335.0,1294.199951171875,1326.300048828125,23141724,1333.6499755859375,1552.9919995117189,0.008533085259737172,0.01675800115244001,INFY.NS
2026-03-02,1288.9000244140625,1298.800048828125,1273.0,1291.0,9700361,1325.97998046875,1546.2339990234375,-0.008614684549030471,0.01676814338821892,INFY.NS
2026-03-04,1307.4000244140625,1317.0,1292.0,1292.0,15154950,1317.5999877929687,1539.6080004882813,0.01435332426842817,0.01610273358228279,INFY.NS
2026-03-05,1305.800048828125,1320.0,1290.0999755859375,1320.0,10362147,1310.8099975585938,1531.932001953125,-0.0012237842711182445,0.015993136946422,INFY.NS
2026-03-06,1308.4000244140625,1327.199951171875,1303.0,1303.0,8724291,1304.6,1524.7340014648437,0.0019910977858139667,0.016129267347107925,INFY.NS
2026-03-09,1315.0,1318.0,1282.5,1290.0,10068514,1300.7800048828126,1517.7660009765625,0.005044310197787727,0.0161091503106885,INFY.NS
2026-03-10,1295.5999755859375,1321.0,1284.0999755859375,1320.0,9600171,1297.5900024414063,1510.5560009765625,-0.014752870276853569,0.015684156693980753,INFY.NS
2026-03-11,1276.300048828125,1299.5,1271.300048828125,1288.0,7868891,1297.6700073242187,1503.1880029296874,-0.014896516765588896,0.010301052928194242,INFY.NS
2026-03-12,1265.800048828125,1278.5999755859375,1258.0,1272.5,7599940,1295.2400146484374,1496.0720043945312,-0.00822690558512551,0.009759953809879578,INFY.NS
2026-03-13,1248.300048828125,1269.5999755859375,1242.5999755859375,1251.0,7366098,1291.1600219726563,1488.7300048828124,-0.013825248321171602,0.01044750521433097,INFY.NS
2026-03-16,1249.800048828125,1254.300048828125,1224.199951171875,1240.199951171875,12314450,1286.130029296875,1481.1300048828125,0.0012016341755398674,0.00977097290727531,INFY.NS
2026-03-17,1232.9000244140625,1245.0,1215.0999755859375,1245.0,11223276,1280.530029296875,1472.9800048828124,-0.01352218255224813,0.010150240402404937,INFY.NS
2026-03-18,1267.0999755859375,1290.800048828125,1234.9000244140625,1238.0,12365381,1276.5000244140624,1466.19400390625,0.02773943587853256,0.013292442826775639,INFY.NS
2026-03-19,1220.800048828125,1255.0,1215.0999755859375,1244.199951171875,9156461,1268.0000244140624,1458.366005859375,-0.03654007390885028,0.01694413010894612,INFY.NS
2026-03-20,1255.9000244140625,1264.800048828125,1229.199951171875,1242.0,27299975,1262.7500244140624,1450.7040063476563,0.02875161712160046,0.02024052851188552,INFY.NS
2026-03-23,1256.800048828125,1261.0999755859375,1227.4000244140625,1238.199951171875,12420293,1256.930029296875,1443.5740063476562,0.0007166369906572712,0.020073552335389704,INFY.NS
2026-03-24,1278.300048828125,1297.0,1251.0,1269.0,13613495,1255.2000366210937,1436.8580078125,0.017106937591263804,0.02075324864639904,INFY.NS
2026-03-25,1279.0999755859375,1290.5999755859375,1257.0999755859375,1270.0,10822872,1255.480029296875,1430.5220068359374,0.0006257738615795816,0.020183469314939893,INFY.NS
2025-06-09,976.2540283203125,984.1966559557253,974.7740333489505,984.1966559557253,13202588,958.4101623535156,935.5131811523438,0.00010116718671682179,0.007253590900935702,HDFCBANK.NS
2025-06-10,969.5447387695312,978.1780428487654,967.472709657825,978.1780428487654,15533126,960.3341613769531,936.9324975585937,-0.006872483345676805,0.007213120488075011,HDFCBANK.NS
2025-06-11,962.1940307617188,970.6793107759778,960.516691162301,970.6793107759778,11096394,961.6612243652344,938.3518115234375,-0.007581607855601802,0.007779967162948667,HDFCBANK.NS
2025-06-12,958.74072265625,967.4233474890254,954.7447484104943,961.9966994408974,16349130,962.4456237792969,939.5165673828125,-0.0035889934826710546,0.007931357762188644,HDFCBANK.NS
2025-06-13,946.0127563476562,953.6100757725884,943.7434428106371,947.19676434732,12117762,961.098828125,940.3986450195313,-0.01327571261741145,0.008492396439851212,HDFCBANK.NS
2025-06-16,954.7940673828125,956.520728121515,947.2460692080249,949.1700746468088,16513746,961.2616333007812,942.0517993164062,0.009282444635375642,0.008885454699145725,HDFCBANK.NS
2025-06-17,951.9327392578125,957.852719054467,946.7527569357399,955.5834055099792,16978736,961.50830078125,943.3611010742187,-0.0029968013237066105,0.008844530026377301,HDFCBANK.NS
2025-06-18,954.0540771484375,955.2380851367438,945.7167603313338,945.7167603313338,18433816,961.1481750488281,944.733056640625,0.002228453548387188,0.00839498746364381,HDFCBANK.NS
2025-06-19,954.7447509765625,960.4180648603083,949.9593979158449,954.0540746334422,16876220,960.4427185058594,945.8973181152344,0.0007239357230035548,0.00824821099262946,HDFCBANK.NS
2025-06-20,969.2486572265625,971.8140179089729,952.9193918485255,952.9193918485255,32900408,959.7520568847656,947.9397119140625,0.015191396690230174,0.008304300830799615,HDFCBANK.NS
2025-06-23,961.2073974609375,965.8940481289003,957.9514206200562,961.2073974609375,11739518,958.2473937988282,949.7083056640626,-0.008296384736435458,0.008634682866561704,HDFCBANK.NS
2025-06-24,967.3740234375,976.3033140635843,964.7593416610487,969.3966711141703,22625322,958.030322265625,951.6411791992188,0.006415499914848688,0.00874101380764595,HDFCBANK.NS
2025-06-25,976.8953247070312,977.7833457795492,968.854054817417,969.8900392545883,18405932,959.5004516601563,953.3525463867187,0.009842419828163251,0.008839897155443144,HDFCBANK.NS
2025-06-26,997.4179077148438,1000.0325292056699,976.7966216145232,977.4872979366618,50084830,963.3681701660156,954.9006201171875,0.02100796522285253,0.01051383733752398,HDFCBANK.NS
2025-06-27,1004.9491577148438,1007.393088107433,994.2258430942326,1004.0015037809444,28213384,969.2618103027344,956.4700659179688,0.0075507467248654425,0.008596751070672601,HDFCBANK.NS
2025-06-30,998.2658081054688,1004.400566128524,995.2732550959096,1003.2533964547342,13649020,973.608984375,957.6226733398438,-0.006650435554941159,0.009381049373191131,HDFCBANK.NS
2025-07-01,1003.5526123046875,1005.4977838847651,999.5126780283082,1000.0114368496795,14389386,978.7709716796875,958.6797375488281,0.005295988459478762,0.009003477477438501,HDFCBANK.NS
2025-07-02,990.5350341796875,1007.4429706558585,986.4950998423908,1007.4429706558585,18878250,982.4190673828125,959.1350646972656,-0.012971495430722624,0.010707286722858606,HDFCBANK.NS
2025-07-03,991.0836181640625,1001.507689459166,989.6871300276722,994.9739612315547,16860506,986.0529541015625,959.9743225097657,0.0005538259278525803,0.010712869787139673,HDFCBANK.NS
2025-07-04,992.1809692382812,999.2633203019867,987.5424877454124,991.0836632772651,7863944,988.3461853027344,960.9055798339843,0.001107223501737975,0.009946359482801408,HDFCBANK.NS
2025-07-07,991.2332763671875,996.7196233059492,989.4377568185034,992.0312782906421,11349426,991.3487731933594,961.8731372070313,-0.0009551613067334541,0.009321647943241619,HDFCBANK.NS
2025-07-08,998.2159423828125,1000.0114620081927,986.0462146584523,986.0462146584523,15224316,994.4329650878906,962.8915478515624,0.0070444225210195555,0.009348438562396958,HDFCBANK.NS
2025-07-09,1003.1036987304688,1004.4005203490875,996.5699704674603,1001.0089360727129,13861428,997.0538024902344,964.1201928710938,0.004896491971455363,0.009084035095863875,HDFCBANK.NS
2025-07-10,1000.6099243164062,1005.9965439473215,997.5176439735463,1005.4977851253348,17030310,997.3730041503907,965.1391235351563,-0.0024860584376457107,0.006486122552242825,HDFCBANK.NS
2025-07-11,989.3878784179688,999.9117385623401,987.9913902076418,996.5201541247731,12516922,995.8168762207031,965.9641979980469,-0.011215205471906686,0.006870918110667066,HDFCBANK.NS
2025-07-14,989.0387573242188,991.8816582943851,982.8541356715338,989.0387573242188,13088850,994.8941711425781,966.6352783203125,-0.00035286574796955517,0.006634821919350243,HDFCBANK.NS
2025-07-15,995.2732543945312,999.3131887778599,984.0511806165923,984.0511806165923,14498168,994.0662353515625,967.4813696289062,0.006303592274967684,0.00674622851027885,HDFCBANK.NS
2025-07-16,995.6722412109375,1008.8394251469304,993.826797075495,1006.4952830829005,17994612,994.5799560546875,968.1982934570312,0.00040088168213570086,0.005219837823801182,HDFCBANK.NS
2025-07-17,990.98388671875,999.9116815490105,988.8890631972324,999.5126501495852,22529158,994.5699829101562,968.9901696777343,-0.00470873275173922,0.0054761265714536305,HDFCBANK.NS
2025-07-18,976.2705078125,996.0213445308241,974.0759568696542,990.9838927216935,16129446,992.9789367675781,969.8706042480469,-0.014847243334064175,0.007178379706889411,HDFCBANK.NS
2025-07-21,997.7670288085938,998.5151670456409,985.7968170158388,986.6446826643673,22309078,993.6323120117188,970.514970703125,0.02201902118733501,0.010371194675617748,HDFCBANK.NS
2025-07-22,1001.058837890625,1006.4953213272488,999.0139388595042,1004.051390877723,14836814,993.9166015625,971.5665600585937,0.0032991760470997278,0.010182758408063052,HDFCBANK.NS
2025-07-23,1009.6375122070312,1012.3806857402005,999.0139248978445,1003.0039954915454,13634916,994.5699829101562,972.9081213378906,0.008569600498690821,0.010429016467013242,HDFCBANK.NS
2025-07-24,1004.5999755859375,1016.3208076773761,1001.7072110041944,1016.3208076773761,19107176,994.9689880371094,973.9200256347656,-0.004989450728788647,0.010543363974177085,HDFCBANK.NS
2025-07-25,1002.2999877929688,1007.5,999.5,1007.5,9306598,996.2601989746094,974.87705078125,-0.0022894563496552722,0.009797739591258323,HDFCBANK.NS
2025-07-28,1004.25,1010.7000122070312,1000.25,1001.5,12059580,997.7813232421875,975.8336096191406,0.0019455374945429593,0.009780546714550817,HDFCBANK.NS
2025-07-29,1010.7999877929688,1013.25,998.1500244140625,999.9500122070312,19895696,999.3339965820312,977.1559936523438,0.0065222681533172455,0.009792542516699605,HDFCBANK.NS
2025-07-30,1012.9000244140625,1016.2999877929688,1008.5,1014.0,15154036,1001.0567749023437,978.4029650878906,0.0020775985817720333,0.009784229762823306,HDFCBANK.NS
2025-07-31,1009.0999755859375,1015.7000122070312,1004.0,1007.2999877929688,22183032,1002.8683837890625,979.6420153808593,-0.0037516524203099477,0.009718384061990944,HDFCBANK.NS
2025-08-01,1006.0999755859375,1014.1500244140625,1004.6500244140625,1007.0,11317258,1005.8513305664062,980.6858935546875,-0.0029729462616011615,0.008029489512144702,HDFCBANK.NS
2025-08-04,996.0,1009.25,994.0499877929688,1005.0499877929688,13933946,1005.6746276855469,981.4626538085937,-0.010038739519952156,0.005662006860800461,HDFCBANK.NS
2025-08-05,988.7999877929688,997.2000122070312,982.75,993.25,23978058,1004.4487426757812,982.23255859375,-0.007228927918706107,0.005919699201294697,HDFCBANK.NS
2025-08-06,992.6500244140625,994.0,985.0,985.5499877929688,14080204,1002.7499938964844,983.1070910644531,0.0038936454982034796,0.005202063430309634,HDFCBANK.NS
2025-08-07,997.7000122070312,1000.7999877929688,988.4000244140625,990.0499877929688,13081186,1002.0599975585938,984.0431567382813,0.005087379911111745,0.00546004305144732,HDFCBANK.NS
2025-08-08,986.9500122070312,996.4000244140625,985.0,993.5499877929688,13895264,1000.525,984.5925427246094,-0.010774781866765504,0.006328934422965998,HDFCBANK.NS
2025-08-11,997.7999877929688,998.7999877929688,986.5499877929688,987.9500122070312,9105854,999.8799987792969,985.4852221679688,0.010993439841674002,0.007430881310065801,HDFCBANK.NS
2025-08-12,984.9500122070312,998.0,983.75,995.9500122070312,12937802,997.2950012207032,986.1949011230469,-0.012878308020789153,0.00787828324307457,HDFCBANK.NS
2025-08-13,990.1500244140625,997.0,984.5499877929688,997.0,13577396,995.0200012207031,986.844794921875,0.005279468138062349,0.008148118865545853,HDFCBANK.NS
2025-08-14,995.5499877929688,998.0,985.5999755859375,989.0,17511716,993.6650024414063,987.5198083496093,0.0054536820135935304,0.008471813459112779,HDFCBANK.NS
2025-08-18,1001.7999877929688,1013.2999877929688,997.7999877929688,1005.0,19284796,993.2350036621094,988.0327026367188,0.0062779368958214565,0.008770895051686274,HDFCBANK.NS
2025-08-19,995.5499877929688,1003.0499877929688,993.3499755859375,999.1500244140625,12352438,993.1900024414062,988.4186218261718,-0.006238770289635487,0.008380202322110735,HDFCBANK.NS
2025-08-20,994.0999755859375,996.0,989.5,993.5,9950228,993.7200012207031,988.9097265625,-0.0014564936214260804,0.008018992189590473,HDFCBANK.NS
2025-08-21,995.5999755859375,998.75,991.5999755859375,998.75,12439850,994.0149963378906,989.5778454589844,0.0015089025619539065,0.007944071075543345,HDFCBANK.NS
2025-08-22,982.2999877929688,998.0,978.5499877929688,994.9500122070312,19833502,992.4749938964844,990.0490307617188,-0.013358766692557755,0.008809859517375217,HDFCBANK.NS
2025-08-25,982.0499877929688,988.7000122070312,978.5,980.0999755859375,17518044,991.9849914550781,990.769775390625,-0.0002545047369507669,0.008188014382906698,HDFCBANK.NS
2025-08-26,973.4000244140625,985.7000122070312,968.0,979.5,16917731,989.5449951171875,991.14189453125,-0.008808068312638473,0.007471430492295142,HDFCBANK.NS
2025-08-28,957.7999877929688,972.2000122070312,955.0,967.0,25438255,986.8299926757812,991.2592395019532,-0.016026336788397155,0.008006889779895644,HDFCBANK.NS
2025-08-29,951.5999755859375,963.2999877929688,950.0999755859375,954.0,14823813,982.9749877929687,991.2101574707032,-0.006473180503288378,0.007544540302700418,HDFCBANK.NS
2025-09-01,950.5999755859375,957.4500122070312,946.3499755859375,949.5999755859375,20178344,978.4799865722656,991.1272619628907,-0.00105086173356006,0.0068975638814185985,HDFCBANK.NS
2025-09-02,944.5,954.7999877929688,944.0,951.0,14196320,972.7499877929688,990.6322888183594,-0.006416974271619913,0.005747923384984311,HDFCBANK.NS
2025-09-03,954.4500122070312,956.2999877929688,940.0,945.0,16083481,968.639990234375,990.4971411132813,0.01053468735524743,0.007729965809407772,HDFCBANK.NS
2025-09-04,961.25,965.7000122070312,956.25,960.2000122070312,17597657,965.3549926757812,990.3746606445312,0.007124509095290055,0.00850349706618834,HDFCBANK.NS
2025-09-05,963.4000244140625,967.5,954.0499877929688,967.5,11602111,962.1349975585938,990.1047546386719,0.002236696399544824,0.008552412040341784,HDFCBANK.NS
2025-09-08,966.0,973.1500244140625,960.4500122070312,969.0,11711307,960.5049987792969,989.476396484375,0.002698749761314234,0.007928056503923536,HDFCBANK.NS
2025-09-09,965.1500244140625,974.4000244140625,962.7000122070312,974.0,13985539,958.8150024414062,988.6804138183594,-0.0008798919109084258,0.007918342716875118,HDFCBANK.NS
2025-09-10,965.9000244140625,973.9000244140625,961.7000122070312,973.9000244140625,18091100,958.0650024414062,988.0330981445312,0.0007770812630454316,0.007533934029091583,HDFCBANK.NS
2025-09-11,967.7999877929688,969.25,959.9000244140625,960.2999877929688,15113633,959.0650024414062,987.3180456542968,0.00196703937351983,0.0052956276045555166,HDFCBANK.NS
2025-09-12,967.2999877929688,970.75,962.25,969.9000244140625,14363519,960.6350036621094,986.8533447265625,-0.000516635675043009,0.004650923859740957,HDFCBANK.NS
2025-09-15,967.0499877929688,972.3499755859375,965.0,969.5999755859375,14486377,962.2800048828125,986.3726721191406,-0.0002584513627157392,0.0046063800323019955,HDFCBANK.NS
2025-09-16,966.8499755859375,969.3499755859375,961.2000122070312,961.2000122070312,18661794,964.5150024414063,985.8660522460938,-0.00020682716463060746,0.0037197875225192275,HDFCBANK.NS
2025-09-17,966.5,974.4000244140625,964.3499755859375,965.1500244140625,17361476,965.7200012207031,985.37138671875,-0.00036197506828850035,0.0024260881022717634,HDFCBANK.NS
2025-09-18,976.9000244140625,979.6500244140625,969.25,973.2999877929688,17791598,967.2850036621094,984.945068359375,0.0107605012044103,0.0034565955203114396,HDFCBANK.NS
2025-09-19,966.9000244140625,976.7000122070312,962.0999755859375,974.9000244140625,31243267,967.6350036621094,984.2209948730468,-0.010236462022813364,0.005079485014179251,HDFCBANK.NS
2025-09-22,964.2000122070312,971.2000122070312,961.9500122070312,964.0,10854415,967.4550048828125,983.4927966308594,-0.0027924419679971058,0.005097063669224179,HDFCBANK.NS
2025-09-23,957.2000122070312,968.2000122070312,955.5,967.0,21022298,966.6600036621094,982.8490393066406,-0.007259904492198821,0.005572268006544929,HDFCBANK.NS
2025-09-24,951.0499877929688,956.4500122070312,943.0,952.2000122070312,15117220,965.175,982.0892639160156,-0.006425014976631949,0.005804535035197703,HDFCBANK.NS
2025-09-25,949.8499755859375,958.0,947.4000244140625,952.5,31413279,963.3799987792969,981.1807983398437,-0.001261776165747075,0.005676602009587673,HDFCBANK.NS
2025-09-26,945.0499877929688,951.4500122070312,941.2999877929688,945.0999755859375,14874656,961.1549987792969,980.1683532714844,-0.005053416767219265,0.005738626924642233,HDFCBANK.NS
2025-09-29,950.2999877929688,956.7999877929688,939.0999755859375,946.0499877929688,32398179,959.4799987792969,979.3546752929688,0.005555261698125147,0.006241929854889,HDFCBANK.NS
2025-09-30,951.0,960.0,946.2999877929688,958.0499877929688,28296687,957.8950012207031,978.8492651367187,0.0007366223466518385,0.00627452494468154,HDFCBANK.NS
2025-10-01,965.25,969.5999755859375,946.0,952.7000122070312,25350832,957.7700012207031,978.1989245605469,0.014984227129337446,0.008201080721247792,HDFCBANK.NS
2025-10-03,965.1500244140625,966.75,952.0,952.0,26658296,956.5950012207031,977.4807482910156,-0.00010357481060607743,0.007269286540291361,HDFCBANK.NS
2025-10-06,973.4500122070312,977.4000244140625,962.0,971.9000244140625,18542683,957.25,976.7569982910156,0.008599686663228967,0.007101942078809927,HDFCBANK.NS
2025-10-07,982.5,989.8499755859375,971.0,974.0,25535736,959.0799987792968,976.3149987792968,0.009296818202765733,0.007461609157399139,HDFCBANK.NS
2025-10-08,978.7000122070312,985.9000244140625,974.5499877929688,976.0,15939710,961.2299987792969,975.8429992675781,-0.0038676720539122522,0.0070651350774437,HDFCBANK.NS
2025-10-09,977.0999755859375,979.0,970.1500244140625,974.5,15370950,963.8349975585937,975.2999987792969,-0.0016348590999663015,0.006555948085773756,HDFCBANK.NS
2025-10-10,980.9000244140625,986.2000122070312,978.0999755859375,979.0,13757080,966.9400024414062,974.7019995117188,0.0038891095313415835,0.006408590981372266,HDFCBANK.NS
2025-10-13,977.0,981.0,972.0,974.2999877929688,18634254,970.1350036621094,973.9839990234375,-0.003975965253331659,0.00626101849448144,HDFCBANK.NS
2025-10-14,977.1500244140625,980.4500122070312,967.0,970.0,22934382,972.8200073242188,973.345,0.00015355620681933857,0.0062824042160136385,HDFCBANK.NS
2025-10-15,978.25,984.9000244140625,973.3499755859375,975.0,23310447,975.5450073242188,972.7880004882812,0.001125697752089927,0.0062693432379169875,HDFCBANK.NS
2025-10-16,994.3499755859375,996.5999755859375,981.5,982.6500244140625,22936566,978.4550048828125,972.755,0.016457935687132608,0.006595208403619454,HDFCBANK.NS
2025-10-17,1002.5499877929688,1009.0,986.0,993.9500122070312,25210511,982.1950012207031,973.03,0.008246605730743095,0.006687401811428094,HDFCBANK.NS
2025-10-20,1002.9500122070312,1020.0,997.0,997.0,22195202,985.1450012207031,973.2359997558593,0.00039900695120764773,0.006538551243165097,HDFCBANK.NS
2025-10-21,1007.7000122070312,1010.0,1004.0,1006.0,3471600,987.6650024414063,973.4359997558594,0.004736028657646996,0.0062016124647943476,HDFCBANK.NS
2025-10-23,1008.7999877929688,1020.5,1006.0,1016.0,43526526,990.675,973.8729992675782,0.0010915704799172588,0.0058175201264768816,HDFCBANK.NS
2025-10-24,994.75,1011.9500122070312,991.2999877929688,1011.0,17707768,992.4400024414062,973.8119995117188,-0.013927426608823623,0.007858035078353365,HDFCBANK.NS
2025-10-27,1002.9500122070312,1009.0499877929688,996.2000122070312,996.5,15700796,994.6450012207031,974.1719995117187,0.008243289476784321,0.008102286113471458,HDFCBANK.NS
2025-10-28,1003.5499877929688,1008.0,995.0,997.6500244140625,33904289,997.3,974.4399987792968,0.0005982108566080502,0.00783617538755599,HDFCBANK.NS
2025-10-29,1007.8499755859375,1012.5,1000.0,1004.9000244140625,17769445,1000.3699951171875,974.6859985351563,0.004284776887323094,0.007795072509138749,HDFCBANK.NS
2025-10-30,998.1500244140625,1009.5,997.0999755859375,1000.0,19962917,1002.3599975585937,974.6129992675782,-0.009624399867882771,0.008780497155415973,HDFCBANK.NS
2025-10-31,987.2999877929688,1004.4500122070312,981.1500244140625,994.0,23221330,1001.6549987792969,974.4479992675781,-0.010870146126042535,0.008017785300690975,HDFCBANK.NS
2025-11-03,992.6500244140625,994.5499877929688,983.2999877929688,985.0,16607180,1000.6650024414063,974.4190002441406,0.00541885616047999,0.00771191973798291,HDFCBANK.NS
2025-11-04,985.25,997.0,983.7000122070312,987.0,20024544,998.8950012207031,974.2120007324219,-0.00745481713802465,0.007953698960921247,HDFCBANK.NS
2025-11-06,984.6500244140625,991.0499877929688,974.0,981.0,22279516,996.5900024414062,974.2590014648438,-0.0006089577121923817,0.007642891607491204,HDFCBANK.NS
2025-11-07,982.2999877929688,984.9000244140625,974.75,980.0,15004568,993.9400024414062,974.2640014648438,-0.0023866719776828305,0.007550747471199509,HDFCBANK.NS
2025-11-10,984.5,990.9500122070312,980.2000122070312,982.2999877929688,15988262,992.9150024414063,974.4860009765625,0.0022396541121558755,0.006524794988721949,HDFCBANK.NS
2025-11-11,991.7000122070312,993.5,978.0,983.5,10200530,991.7900024414063,975.1640014648438,0.007313369433246564,0.00638325924263114,HDFCBANK.NS
2025-11-12,989.5,999.0,987.7000122070312,998.7999877929688,13137263,990.3850036621094,975.922001953125,-0.0022184251083501305,0.0063616631975230015,HDFCBANK.NS
2025-11-13,986.6500244140625,990.0999755859375,982.5999755859375,984.0,14124839,988.2650085449219,976.6430029296876,-0.002880217873610369,0.006047139639322465,HDFCBANK.NS
2025-11-14,989.5999755859375,991.6500244140625,976.0499877929688,976.0499877929688,21386965,987.4100036621094,977.5450024414063,0.002989865807409231,0.005604267036689239,HDFCBANK.NS
2025-11-17,996.5499877929688,997.9500122070312,985.5999755859375,991.25,18396408,988.3350036621093,978.387001953125,0.007023052120546103,0.004854357969494959,HDFCBANK.NS
2025-11-18,992.4500122070312,999.0,990.0,997.6500244140625,20002640,988.3150024414062,979.0110021972656,-0.004114169521006739,0.004813728302827811,HDFCBANK.NS
2025-11-19,994.5999755859375,996.5499877929688,984.0,990.0,19813847,989.25,979.6350012207031,0.0021663190613752104,0.0040633469615700794,HDFCBANK.NS
2025-11-20,1008.8499755859375,1011.5999755859375,992.4500122070312,995.2999877929688,19850865,991.6699951171875,980.4920007324218,0.014327368137732943,0.005799810257646217,HDFCBANK.NS
2025-11-21,998.0499877929688,1008.2999877929688,996.5499877929688,1003.0999755859375,17499897,993.2449951171875,981.15,-0.010705246621725006,0.007035000844721291,HDFCBANK.NS
2025-11-24,999.1500244140625,1011.4500122070312,993.5999755859375,1000.0,32204053,994.7099975585937,981.815,0.0011021858970474696,0.007032959044093664,HDFCBANK.NS
2025-11-25,989.7999877929688,1006.0999755859375,988.4000244140625,1004.0,24989383,994.5199951171875,982.255,-0.009357990684709216,0.0074646095672656525,HDFCBANK.NS
2025-11-26,1003.9000244140625,1006.9500122070312,981.2999877929688,981.2999877929688,19494356,995.9599975585937,982.9870007324218,0.014245339255392064,0.008678685012512479,HDFCBANK.NS
2025-11-27,1009.5,1016.7999877929688,1001.0,1002.0999755859375,25536848,998.2449951171875,983.8360009765624,0.005578220390228594,0.008618529560472741,HDFCBANK.NS
2025-11-28,1007.5999755859375,1012.0499877929688,1004.2000122070312,1007.0,15988807,1000.0449951171875,984.6510009765625,-0.0018821440456290306,0.008713977595604994,HDFCBANK.NS
2025-12-01,1002.0999755859375,1017.5,999.2999877929688,1017.5,16746566,1000.5999938964844,985.3630004882813,-0.005458515416102205,0.008782453421420587,HDFCBANK.NS
2025-12-02,989.7999877929688,994.4000244140625,985.0,988.0,27316662,1000.3349914550781,985.6209997558594,-0.012274212246913607,0.009608362902987382,HDFCBANK.NS
2025-12-03,1000.5,1002.2999877929688,986.0,986.0,15448777,1000.9249938964844,986.2929992675781,0.010810277166086735,0.010217022139849544,HDFCBANK.NS
2025-12-04,997.2000122070312,1004.7000122070312,993.0,1000.0,14528169,999.7599975585938,986.9529992675781,-0.0032983386236569157,0.00904639829940784,HDFCBANK.NS
2025-12-05,1003.2999877929688,1008.0,990.2000122070312,992.0,12843366,1000.2849975585938,987.8749987792969,0.006117103400788082,0.008620849887172958,HDFCBANK.NS
2025-12-08,1003.0999755859375,1006.5,997.5,1000.0,12901022,1000.6799926757812,988.9159985351563,-0.00019935434014228814,0.008621549375571094,HDFCBANK.NS
2025-12-09,997.0999755859375,1002.7999877929688,994.0,994.9000244140625,15294322,1001.4099914550782,989.8609985351562,-0.005981457627386777,0.008253990271853485,HDFCBANK.NS
2025-12-10,989.7999877929688,998.5,985.2999877929688,997.5,15322830,999.9999877929688,990.7559985351562,-0.007321219508283461,0.007073744816727726,HDFCBANK.NS
2025-12-11,1000.2999877929688,1002.7000122070312,988.5,990.0,11844809,999.0799865722656,991.7559985351562,0.010608203808339711,0.007769035519682524,HDFCBANK.NS
2025-12-12,1001.5,1004.7000122070312,998.2000122070312,1003.0,11988618,998.4699890136719,992.7659985351562,0.0011996523259776293,0.007786321538965941,HDFCBANK.NS
2025-12-15,996.0999755859375,1001.7999877929688,992.0,992.0,9790060,997.8699890136719,993.382998046875,-0.005391936509298589,0.007781713439719036,HDFCBANK.NS
2025-12-16,994.2999877929688,998.7000122070312,990.0999755859375,990.0999755859375,20049088,998.3199890136718,993.9659973144531,-0.0018070352746569762,0.006655378412011739,HDFCBANK.NS
2025-12-17,984.0,996.0,980.7999877929688,996.0,19080922,996.6699890136719,994.1769970703125,-0.010359034415590718,0.006362487364739974,HDFCBANK.NS
2025-12-18,979.7000122070312,987.4000244140625,973.2999877929688,973.2999877929688,14912404,994.9199890136719,994.1209973144531,-0.004369906293667403,0.006402356538267464,HDFCBANK.NS
2025-12-19,985.5,988.0,978.7000122070312,987.0,25952384,993.139990234375,994.2569970703125,0.0059201671130970634,0.006375714305068415,HDFCBANK.NS
2025-12-22,987.7000122070312,992.9000244140625,983.9000244140625,988.0,13540411,991.5999938964844,994.4689978027344,0.0022323817422944536,0.006487674879005021,HDFCBANK.NS
2025-12-23,996.5999755859375,998.9000244140625,987.7000122070312,990.5,17927849,991.5499938964844,994.7829968261718,0.009010796060454851,0.007051682759345219,HDFCBANK.NS
2025-12-24,997.2000122070312,999.4000244140625,993.0,993.0,13699996,992.2899963378907,995.1869970703125,0.00060208372044257,0.006569803567157762,HDFCBANK.NS
2025-12-26,992.0999755859375,997.2000122070312,987.7000122070312,996.0,9360853,991.4699951171875,995.48599609375,-0.005114356757583871,0.005787002696321344,HDFCBANK.NS
2025-12-29,991.7000122070312,997.4000244140625,987.2000122070312,993.0999755859375,13545749,990.4899963378906,995.7549963378906,-0.0004031482600027614,0.005747287701218202,HDFCBANK.NS
2025-12-30,990.9000244140625,995.0,982.2000122070312,990.2000122070312,33155849,989.9700012207031,995.6859973144532,-0.0008066832541308022,0.005534078134565861,HDFCBANK.NS
2025-12-31,991.2000122070312,997.5999755859375,987.5999755859375,991.0,10963454,989.6600036621094,995.4589978027344,0.0003027427445529973,0.005519310542656229,HDFCBANK.NS
2026-01-01,991.1500244140625,997.5499877929688,989.5,993.5,7132074,990.3750061035156,995.222998046875,-5.043159034823219e-05,0.004247685230642049,HDFCBANK.NS
2026-01-02,1001.5999755859375,1003.2000122070312,988.7999877929688,991.1500244140625,11751459,992.5650024414062,995.1009973144531,0.01054325875444806,0.004834663004927501,HDFCBANK.NS
2026-01-05,977.5,1006.4000244140625,976.2999877929688,1005.75,27647379,991.7650024414063,994.4749975585937,-0.02406147780888168,0.009414653824876313,HDFCBANK.NS
2026-01-06,962.2000122070312,966.7000122070312,956.0,962.7000122070312,31988783,989.2150024414062,993.8239978027344,-0.015652161425032007,0.010424542273255228,HDFCBANK.NS
2026-01-07,949.0499877929688,956.4500122070312,946.0,956.0,52884712,984.4600036621093,992.7459973144531,-0.013666622580787324,0.01008824235275657,HDFCBANK.NS
2026-01-08,946.7000122070312,953.0,941.4000244140625,944.7000122070312,21928849,979.4100036621094,991.6089978027344,-0.002476134678008224,0.009950070492619579,HDFCBANK.NS
2026-01-09,939.0,950.5999755859375,933.2999877929688,945.0,38183839,974.1000061035156,990.2319982910157,-0.008133529214899182,0.009994960914668201,HDFCBANK.NS
2026-01-12,936.9500122070312,942.0,929.5999755859375,937.5,21071666,968.6250061035156,989.007998046875,-0.00218316058889112,0.009910779684475214,HDFCBANK.NS
2026-01-13,937.3499755859375,947.7000122070312,932.5999755859375,947.7000122070312,32042827,963.2700012207031,988.0089978027344,0.000426878033721545,0.009984725200466138,HDFCBANK.NS
2026-01-14,925.4500122070312,940.0499877929688,920.2000122070312,930.0,36688248,956.6950012207031,986.6649975585938,-0.012695325853577355,0.009992146189342783,HDFCBANK.NS
2026-01-15,925.4500122070312,925.4500122070312,925.4500122070312,925.4500122070312,0,950.125,985.4689978027344,0.0,0.009995940419399621,HDFCBANK.NS
2026-01-16,931.0999755859375,935.9500122070312,919.2000122070312,922.0,37780235,943.075,984.3979968261718,0.00610509838930362,0.009208347247870426,HDFCBANK.NS
2026-01-19,927.9000244140625,936.1500244140625,919.5,935.9000244140625,38191942,938.1150024414062,983.3099975585938,-0.0034367428372675812,0.007085551904998617,HDFCBANK.NS
2026-01-20,931.2000122070312,934.5,919.5999755859375,929.2999877929688,36022727,935.0150024414063,982.2439978027344,0.003556404468307406,0.00650869409643253,HDFCBANK.NS
2026-01-21,920.3499755859375,932.1500244140625,915.5,925.0,32766854,932.1450012207031,980.8169970703125,-0.011651671476440528,0.006172926621765991,HDFCBANK.NS
2026-01-22,918.7000122070312,928.2999877929688,913.2000122070312,928.0,44444755,929.3450012207031,979.4009973144531,-0.0017927564759870895,0.0061837442091797505,HDFCBANK.NS
2026-01-23,916.0999755859375,926.0999755859375,909.25,920.0,30985247,927.0549987792969,977.9899963378906,-0.002830125815332929,0.005914241937915191,HDFCBANK.NS
2026-01-27,926.4000244140625,931.2000122070312,905.0,906.0,44753093,926.0,976.7259973144531,0.011243367648314795,0.007334984910609063,HDFCBANK.NS
2026-01-28,932.7000122070312,941.4500122070312,928.4000244140625,932.5,35347138,925.5350036621094,975.4489978027344,0.006800504778649463,0.0077483889642476515,HDFCBANK.NS
2026-01-29,935.5,939.2999877929688,924.3499755859375,930.0999755859375,37175628,926.5400024414063,974.3099975585938,0.003002023969468137,0.0064832894463689355,HDFCBANK.NS
2026-01-30,929.25,938.9000244140625,927.75,930.0,29691233,926.9200012207032,973.002998046875,-0.00668091929449488,0.006937510021106664,HDFCBANK.NS
2026-02-02,928.0999755859375,929.7999877929688,909.2999877929688,915.0,28032106,926.6200012207031,971.387998046875,-0.001237583442628476,0.0066530385715119255,HDFCBANK.NS
2026-02-03,948.7000122070312,994.0,945.0,983.75,50336968,928.7,970.4009985351563,0.022195924106223952,0.0095976348722604,HDFCBANK.NS
2026-02-04,953.0999755859375,957.2000122070312,947.9500122070312,952.5,24366770,930.8899963378906,969.4799975585937,0.004637886921357026,0.0096199270012573,HDFCBANK.NS
2026-02-05,949.7000122070312,956.0499877929688,946.7000122070312,956.0,28103169,933.825,968.677998046875,-0.0035672683516920767,0.008595972380871352,HDFCBANK.NS
2026-02-06,941.0999755859375,948.0999755859375,937.5999755859375,945.0,18120272,936.0649963378906,967.4219970703125,-0.009055529652050809,0.009337378388008537,HDFCBANK.NS
2026-02-09,937.25,950.0,935.3499755859375,945.0,23947829,938.1799987792969,965.9769970703124,-0.004090931554365906,0.009424712777366919,HDFCBANK.NS
2026-02-10,932.4000244140625,940.9000244140625,929.9500122070312,930.0,31525385,938.7799987792969,964.472998046875,-0.005174687208255535,0.00912366508903426,HDFCBANK.NS
2026-02-11,927.0999755859375,936.0,925.2999877929688,931.25,24869804,938.2199951171875,962.972998046875,-0.005684307903633612,0.009047415989631139,HDFCBANK.NS
2026-02-12,920.5999755859375,928.5999755859375,918.5,927.0,33872203,936.7299926757812,961.5889978027344,-0.007011110097259965,0.009162078947871731,HDFCBANK.NS
2026-02-13,903.9000244140625,928.2000122070312,901.0,913.0,50188359,934.1949951171875,959.6569982910156,-0.01814029069601697,0.010492784121615861,HDFCBANK.NS
2026-02-16,925.7999877929688,929.5,902.0999755859375,903.9000244140625,18806989,933.9649963378906,958.2289978027344,0.024228302674405233,0.013538758195684104,HDFCBANK.NS
2026-02-17,925.7000122070312,928.0999755859375,918.5999755859375,923.0,22599629,931.6649963378907,956.6769982910156,-0.00010798832064773389,0.011054783037064773,HDFCBANK.NS
2026-02-18,924.7000122070312,925.5,919.5499877929688,923.2000122070312,12738702,928.825,955.1089990234375,-0.0010802635700692953,0.010795334123364166,HDFCBANK.NS
2026-02-19,915.5999755859375,929.2000122070312,912.4500122070312,929.0,21209234,925.4149963378907,953.4789990234375,-0.00984106899639181,0.011014091651602165,HDFCBANK.NS
2026-02-20,911.8499755859375,917.8499755859375,908.4000244140625,911.0,22654907,922.4899963378906,951.9199987792969,-0.004095675076443928,0.010851385072841576,HDFCBANK.NS
2026-02-23,923.5999755859375,925.6500244140625,915.25,916.5,23270122,921.1249938964844,950.3859985351562,0.012885891664853766,0.011951345047618817,HDFCBANK.NS
2026-02-24,910.5,927.9500122070312,909.1500244140625,927.9500122070312,31313985,918.9349914550781,948.5659985351563,-0.01418360321807799,0.012589809960716307,HDFCBANK.NS
2026-02-25,907.5999755859375,916.0,903.0999755859375,910.5499877929688,27884303,916.9849914550781,946.7959985351563,-0.003185089966021404,0.012539936739666144,HDFCBANK.NS
2026-02-26,898.5999755859375,912.0,895.0,912.0,41165937,914.7849914550782,944.8819982910156,-0.009916262937523457,0.012700190976372762,HDFCBANK.NS
2026-02-27,887.75,898.9500122070312,885.0,898.5999755859375,34620755,913.1699890136719,942.9569982910157,-0.012074311017939543,0.011986684303473095,HDFCBANK.NS
2026-03-02,879.4000244140625,887.75,871.5499877929688,876.2000122070312,38378924,908.5299926757813,940.9509985351563,-0.009405773681709362,0.007920528744508755,HDFCBANK.NS
2026-03-04,868.6500244140625,879.2999877929688,848.0,848.0,39862322,902.8249938964843,938.6139990234375,-0.01222424346322104,0.007998313962020977,HDFCBANK.NS
2026-03-05,877.75,881.4000244140625,863.5,873.8499755859375,31324582,898.1299926757813,936.4149987792969,0.010475997617194421,0.009526974813555416,HDFCBANK.NS
2026-03-06,857.0499877929688,871.7000122070312,855.0999755859375,868.0499877929688,34439647,892.2749938964844,933.6239990234375,-0.02358303868644973,0.01113343101867514,HDFCBANK.NS
2026-03-09,840.7000122070312,842.4500122070312,821.5,825.0,35592613,885.1599975585938,930.4939990234375,-0.01907703846778075,0.011759721199803138,HDFCBANK.NS
2026-03-10,849.4500122070312,856.7999877929688,840.5999755859375,850.0499877929688,52866024,877.7450012207031,927.6409997558594,0.010407993187759423,0.011286652211983057,HDFCBANK.NS
2026-03-11,833.9500122070312,848.8499755859375,827.5999755859375,845.0,42261076,870.0900024414062,924.4859997558593,-0.018247100803175043,0.011591971229448767,HDFCBANK.NS
2026-03-12,832.75,836.4000244140625,820.0999755859375,820.0999755859375,46107561,862.6050048828125,921.3229992675781,-0.001438949804503764,0.011696666788051644,HDFCBANK.NS
2026-03-13,817.0,823.7999877929688,812.0,820.0,41700464,854.4450073242188,917.8389990234375,-0.018913239267487225,0.012154077770705315,HDFCBANK.NS
2026-03-16,840.5999755859375,844.5,815.6500244140625,817.0,52182605,849.7300048828125,914.827998046875,0.02888613902807524,0.017065390769629485,HDFCBANK.NS
2026-03-17,845.3499755859375,848.9000244140625,835.0999755859375,847.7000122070312,38826979,846.325,911.702998046875,0.005650725836256365,0.017326275392240523,HDFCBANK.NS
2026-03-18,843.0499877929688,846.7999877929688,831.5999755859375,845.3499755859375,23507063,843.7649963378906,909.0139978027344,-0.0027207521847676386,0.017072013849716395,HDFCBANK.NS
2026-03-19,798.2000122070312,815.6500244140625,770.0,770.0,171637393,835.8099975585938,905.7339978027344,-0.05319966340709026,0.022544710133202396,HDFCBANK.NS
2026-03-20,780.4500122070312,793.75,778.2000122070312,785.0,103129469,828.15,902.3619982910157,-0.02223753411243512,0.022453317668612586,HDFCBANK.NS
2026-03-23,744.1500244140625,768.7000122070312,741.0499877929688,763.1500244140625,72341738,818.4950012207031,898.3109985351563,-0.0465116115384715,0.02530435143377108,HDFCBANK.NS
2026-03-24,764.9000244140625,772.75,747.7000122070312,755.0,61269986,810.0400024414063,894.8289990234375,0.02788416222432888,0.027517712208020566,HDFCBANK.NS
2026-03-25,782.2999877929688,794.7999877929688,768.2000122070312,768.2000122070312,59223959,804.875,891.7359985351562,0.02274802304031187,0.029170628340818103,HDFCBANK.NS
2025-06-09,1423.8138427734375,1455.5688200651953,1422.4245382897982,1453.7825541382838,11022031,1436.0394409179687,1394.2965087890625,-0.017058222271624457,0.009637138594750768,ICICIBANK.NS
2025-06-10,1412.0048828125,1430.660858582463,1405.6538633679,1427.9815809293386,12905272,1433.7074340820313,1395.8683813476562,-0.008293893208633829,0.009515508774678244,ICICIBANK.NS
2025-06-11,1420.0428466796875,1423.5160472131458,1407.737769134025,1410.9133394459884,7136877,1431.4448852539062,1397.7558178710938,0.005692589285652527,0.00956231645982426,ICICIBANK.NS
2025-06-12,1414.2872314453125,1425.5007560873705,1409.127096167119,1419.5466979345517,7953247,1428.3388549804688,1399.5132568359375,-0.004053127867115203,0.009511647907849037,ICICIBANK.NS
2025-06-13,1405.2569580078125,1410.6156346634868,1392.8526699787633,1392.8526699787633,7573103,1425.3915893554688,1400.8578833007812,-0.006385034975018189,0.009457772791648075,ICICIBANK.NS
2025-06-16,1415.9742431640625,1418.0581392255135,1403.3714144517853,1405.7530618658518,5451137,1423.049658203125,1403.0102758789062,0.007626566155874759,0.009823564510574727,ICICIBANK.NS
2025-06-17,1412.302490234375,1418.8520508551696,1406.9439350146247,1415.9742319665809,6970098,1421.5909057617187,1404.8351928710938,-0.002593093022287496,0.00951910948877932,ICICIBANK.NS
2025-06-18,1401.78369140625,1421.0351697486842,1399.402043989603,1406.150024814166,6751745,1419.764990234375,1406.4834716796875,-0.0074479786737325915,0.00967263194633598,ICICIBANK.NS
2025-06-19,1400.4937744140625,1403.8676438261634,1393.9442134714564,1397.2189939427594,8849883,1415.4483032226562,1407.9918334960937,-0.0009201968892172951,0.007390231712208181,ICICIBANK.NS
2025-06-20,1416.1727294921875,1422.3253290273638,1399.4021078732494,1400.4937821267788,12408178,1412.2132690429687,1410.7614624023438,0.011195305087796426,0.008475242034430343,ICICIBANK.NS
2025-06-23,1409.226318359375,1412.3025575376569,1401.0891539348067,1406.1500791810931,5514384,1410.7545166015625,1413.1470556640625,-0.004905059240410181,0.006821733707757419,ICICIBANK.NS
2025-06-24,1413.1956787109375,1424.9053748687675,1405.6538959425357,1416.7680893764307,11188438,1410.8735961914062,1415.5941723632814,0.0028166947351533356,0.006394726201057244,ICICIBANK.NS
2025-06-25,1414.8826904296875,1417.9589294864209,1404.463088984364,1411.1117385952273,7527388,1410.3575805664063,1417.8596923828125,0.0011937566355204599,0.006109664472769497,ICICIBANK.NS
2025-06-26,1428.080810546875,1436.4165161110168,1410.814017835929,1413.8903780949927,13617435,1411.7369384765625,1419.6240795898439,0.009328066705784233,0.006649341630998412,ICICIBANK.NS
2025-06-27,1451.00390625,1454.774858156496,1426.0961208320166,1427.882386711014,22532899,1416.3116333007813,1421.723876953125,0.016051679662544283,0.007601210642207673,ICICIBANK.NS
2025-06-30,1434.7296142578125,1450.706312958781,1431.2564136212704,1450.6071028820047,6325073,1418.1871704101563,1422.499892578125,-0.011215884341929216,0.008654016347745956,ICICIBANK.NS
2025-07-01,1421.03515625,1436.5156826077227,1418.653508855977,1434.6302067068036,7761449,1419.0604370117187,1422.9404907226562,-0.009544974796450889,0.009263741702591258,ICICIBANK.NS
2025-07-02,1416.867431640625,1439.8897415628453,1411.707175185214,1421.2336440793872,13372280,1420.5688110351562,1423.1647607421876,-0.0029328793105818374,0.008928897674120143,ICICIBANK.NS
2025-07-03,1414.98193359375,1435.027214103107,1412.798706272776,1421.1344118511029,10177738,1422.017626953125,1423.19453125,-0.0013307512084540507,0.008940189437498138,ICICIBANK.NS
2025-07-04,1431.7525634765625,1433.3402880878325,1410.2186471744621,1416.0734952431667,5066503,1423.5756103515625,1423.9903930664063,0.011852186578961366,0.009024899298842174,ICICIBANK.NS
2025-07-07,1424.706787109375,1429.8670433562065,1418.6535190770169,1425.9968814549877,5177477,1425.1236572265625,1424.6036596679687,-0.004921085211874177,0.009026091647435345,ICICIBANK.NS
2025-07-08,1430.9586181640625,1433.935647189369,1419.050502062836,1421.035188079707,5315847,1426.899951171875,1424.8656372070313,0.004388152784315702,0.009072287773525572,ICICIBANK.NS
2025-07-09,1420.93603515625,1427.683895203639,1415.6765685457565,1425.2030375827696,8827347,1427.5052856445313,1424.9073168945313,-0.007004104018515589,0.009444387092867004,ICICIBANK.NS
2025-07-10,1413.1956787109375,1427.981614021397,1411.2109926594833,1425.7985078190466,7795964,1426.0167724609375,1424.8497607421875,-0.005447364451181214,0.009051697799046337,ICICIBANK.NS
2025-07-11,1411.0125732421875,1417.0658414751456,1403.7684206963636,1411.111783317687,7158015,1422.0176391601562,1424.6870190429688,-0.0015448005549673072,0.00679544702546971,ICICIBANK.NS
2025-07-14,1412.1041259765625,1413.9896019530586,1405.2569348701418,1413.9896019530586,5846154,1419.7550903320312,1424.56,0.000773595327975718,0.0061685209234501395,ICICIBANK.NS
2025-07-15,1419.844482421875,1422.8215115677394,1408.134785993891,1410.218682168871,6041457,1419.6360229492188,1424.5441259765626,0.005481434621515291,0.00583128726746652,ICICIBANK.NS
2025-07-16,1415.4781494140625,1418.25663727007,1408.2339967016344,1415.081187967311,5649093,1419.4970947265624,1424.3655053710938,-0.0030752191960944364,0.005839224155713529,ICICIBANK.NS
2025-07-17,1407.8370361328125,1412.3025798563917,1398.7075285299677,1410.1194736013367,12927394,1418.7826049804687,1424.0320776367187,-0.0053982559069619684,0.006072809297181501,ICICIBANK.NS
2025-07-18,1414.8826904296875,1418.0581395587762,1397.7151081655259,1404.9592604817603,11297246,1417.0956176757813,1424.7644262695312,0.005004595074603824,0.004773647417025461,ICICIBANK.NS
2025-07-21,1454.576416015625,1456.4617708047458,1425.9968891975022,1436.9126621837045,13867136,1420.0825805664062,1425.1077783203125,0.028054428720081903,0.01020147842266382,ICICIBANK.NS
2025-07-22,1462.316650390625,1470.6523559877205,1458.4464883845856,1462.8128219007424,8930165,1423.2183837890625,1425.9611938476562,0.00532129786360902,0.010228729228291909,ICICIBANK.NS
2025-07-23,1477.2017822265625,1478.5910866693491,1461.3242940475627,1471.5454755170424,11974174,1428.8449584960938,1427.199638671875,0.01017914405334941,0.00994706984973429,ICICIBANK.NS
2025-07-24,1472.0416259765625,1477.3009711792895,1466.782159638216,1476.3086281822896,6700578,1434.7295532226562,1427.8466455078126,-0.0034931966046115592,0.009759700015613399,ICICIBANK.NS
2025-07-25,1465.789794921875,1488.5144734435703,1462.31659448384,1488.5144734435703,8696077,1440.207275390625,1428.305107421875,-0.004247047735854603,0.009969446028264784,ICICIBANK.NS
2025-07-28,1477.00341796875,1482.3620946590604,1465.7898930637602,1465.7898930637602,7507479,1446.6972045898438,1429.0870751953125,0.007650225895775575,0.00997005925083766,ICICIBANK.NS
2025-07-29,1474.8201904296875,1478.3927223132807,1464.1029581857863,1468.5685019046516,9776027,1452.194775390625,1430.0397265625,-0.0014781465719727604,0.010139113970301174,ICICIBANK.NS
2025-07-30,1471.04931640625,1477.1025845983731,1465.9883912336757,1476.308661728485,7238625,1457.7518920898438,1430.7879541015625,-0.0025568364522721154,0.010101016786961247,ICICIBANK.NS
2025-07-31,1470.0570068359375,1483.0566764606926,1452.7902136757805,1458.6450618514623,12406146,1463.9738891601562,1431.5679370117186,-0.0006745590098479193,0.009720987316793038,ICICIBANK.NS
2025-08-01,1460.3319091796875,1473.7285394467383,1458.5457644921182,1469.0645758820863,4416771,1468.5188110351562,1432.000595703125,-0.006615456142875509,0.010313920188122851,ICICIBANK.NS
2025-08-04,1451.9962158203125,1467.4768633867377,1450.1108610461113,1465.492177404952,6140054,1468.260791015625,1432.052197265625,-0.005708081366281648,0.005830546851017417,ICICIBANK.NS
2025-08-05,1433.3402099609375,1450.3092505192255,1429.96621963613,1441.8743352750153,14799343,1465.3631469726563,1432.0125024414062,-0.012848522369485083,0.00669838201699832,ICICIBANK.NS
2025-08-06,1432.54638671875,1442.866778550362,1430.561700640964,1431.2564134495642,7805252,1460.897607421875,1431.8100634765624,-0.0005538275118990299,0.005233445446011135,ICICIBANK.NS
2025-08-07,1429.271728515625,1436.8135113901221,1418.1574137897542,1430.0655302659995,7432535,1456.6206176757812,1431.4885473632812,-0.0022859002915959215,0.0052360754434599205,ICICIBANK.NS
2025-08-08,1424.9053955078125,1436.5157606227415,1421.0352334242946,1434.8288259088201,5415511,1452.532177734375,1431.2920629882813,-0.0030549355456342964,0.005216337403766294,ICICIBANK.NS
2025-08-11,1425.5999755859375,1427.3862414978396,1409.5240669213151,1416.9666396615337,8492484,1447.3918334960938,1431.01619140625,0.0004874569780666249,0.003960648814296112,ICICIBANK.NS
2025-08-12,1422.0,1433.800048828125,1420.0999755859375,1431.0,5913947,1442.109814453125,1430.9183911132814,-0.0025252354430336243,0.003913975030159411,ICICIBANK.NS
2025-08-13,1420.800048828125,1427.699951171875,1415.199951171875,1424.5999755859375,9009465,1437.0848876953125,1430.93353515625,-0.0008438475188994321,0.004002813394703918,ICICIBANK.NS
2025-08-14,1427.300048828125,1431.0999755859375,1412.0,1412.0,7577793,1432.8091918945313,1430.6063232421875,0.00457488723016386,0.0046936333883721,ICICIBANK.NS
2025-08-18,1434.5999755859375,1452.4000244140625,1431.0,1450.0,6908844,1430.2359985351563,1430.327861328125,0.005114500461067095,0.005118770502603687,ICICIBANK.NS
2025-08-19,1436.300048828125,1438.5,1426.300048828125,1431.0999755859375,6709554,1428.6663818359375,1430.5775854492188,0.0011850503771917431,0.004991222623664623,ICICIBANK.NS
2025-08-20,1430.5999755859375,1435.9000244140625,1423.0,1432.5999755859375,5817858,1428.3923583984374,1430.9494873046874,-0.003968581110080804,0.0030926982117262984,ICICIBANK.NS
2025-08-21,1446.0,1447.800048828125,1436.4000244140625,1440.0999755859375,6238645,1429.7377197265625,1431.4686303710937,0.010764731355286772,0.004631761107383335,ICICIBANK.NS
2025-08-22,1436.4000244140625,1446.0,1429.4000244140625,1444.300048828125,6657207,1430.4505493164063,1431.9108862304688,-0.006638987265516927,0.00514522947359618,ICICIBANK.NS
2025-08-25,1433.199951171875,1435.9000244140625,1424.0,1435.9000244140625,6738427,1431.2800048828126,1432.46974609375,-0.0022278426537154505,0.005087893105383006,ICICIBANK.NS
2025-08-26,1416.5999755859375,1427.9000244140625,1413.0999755859375,1427.9000244140625,8720155,1430.3800048828125,1432.4822607421875,-0.011582456148121034,0.006382469278682383,ICICIBANK.NS
2025-08-28,1399.0999755859375,1411.800048828125,1396.300048828125,1408.0,12990789,1428.0900024414063,1432.2182104492188,-0.012353522731610722,0.007387015504419276,ICICIBANK.NS
2025-08-29,1397.800048828125,1405.0,1392.0999755859375,1392.0999755859375,8519507,1425.7900024414062,1432.1385375976563,-0.0009291164180516009,0.007386097915988302,ICICIBANK.NS
2025-09-01,1411.0,1412.4000244140625,1398.0999755859375,1398.0999755859375,4927348,1424.1599975585937,1432.348662109375,0.009443375812542953,0.00797570201959264,ICICIBANK.NS
2025-09-02,1394.199951171875,1413.9000244140625,1390.0,1413.9000244140625,7163073,1420.1199951171875,1431.9092065429688,-0.011906483932051737,0.008306882011103762,ICICIBANK.NS
2025-09-03,1397.0,1400.0,1384.199951171875,1389.0,9813382,1416.189990234375,1431.6646801757813,0.0020083552762797385,0.008354943177413686,ICICIBANK.NS
2025-09-04,1405.5,1415.0999755859375,1401.9000244140625,1409.9000244140625,10564859,1413.6799926757812,1431.5107666015624,0.006084466714388004,0.00878434250247949,ICICIBANK.NS
2025-09-05,1402.800048828125,1411.5,1387.699951171875,1411.0,6621077,1409.3599975585937,1431.2691137695313,-0.0019209898056741226,0.007617322218277901,ICICIBANK.NS
2025-09-08,1402.699951171875,1410.5999755859375,1397.5999755859375,1402.199951171875,5880943,1405.989990234375,1430.7614965820312,-7.135561217985753e-05,0.007551778351233228,ICICIBANK.NS
2025-09-09,1403.699951171875,1407.5,1395.199951171875,1399.0,6470679,1403.039990234375,1429.8154174804688,0.0007129108396735084,0.007613874556421937,ICICIBANK.NS
2025-09-10,1403.9000244140625,1413.699951171875,1402.0999755859375,1410.0,7452347,1401.7699951171876,1429.1988256835937,0.00014253276992737263,0.006847274060734864,ICICIBANK.NS
2025-09-11,1401.5999755859375,1408.0,1396.0,1398.0,10192026,1402.0199951171876,1428.8101220703124,-0.00163832807758868,0.005571718820867729,ICICIBANK.NS
2025-09-12,1417.699951171875,1419.699951171875,1400.0999755859375,1405.0999755859375,7770038,1404.0099853515626,1428.8267724609375,0.011486854927496015,0.006585205119745004,ICICIBANK.NS
2025-09-15,1419.4000244140625,1426.800048828125,1416.300048828125,1422.0,5845637,1404.8499877929687,1428.9151342773437,0.001199177047852995,0.00595720763687755,ICICIBANK.NS
2025-09-16,1421.5999755859375,1424.9000244140625,1413.699951171875,1414.0,8213151,1407.589990234375,1428.7120825195314,0.0015499162561893876,0.004021003247765227,ICICIBANK.NS
2025-09-17,1419.199951171875,1426.0999755859375,1416.4000244140625,1420.0999755859375,7484283,1409.8099853515625,1428.6019458007813,-0.0016882558070341336,0.004182274690166004,ICICIBANK.NS
2025-09-18,1421.699951171875,1432.800048828125,1415.300048828125,1431.0999755859375,8130537,1411.42998046875,1428.4167724609374,0.0017615558666950193,0.0038779433352850077,ICICIBANK.NS
2025-09-19,1402.199951171875,1418.0,1400.199951171875,1416.0999755859375,13457344,1411.369970703125,1428.04205078125,-0.013715974305215761,0.006083495866689454,ICICIBANK.NS
2025-09-22,1401.5,1409.9000244140625,1397.199951171875,1403.9000244140625,8847948,1411.2499755859376,1427.8081372070312,-0.0004991807133426507,0.006085353586007284,ICICIBANK.NS
2025-09-23,1394.300048828125,1403.300048828125,1391.0,1391.0,12827524,1410.3099853515625,1427.47388671875,-0.005137317996343205,0.006279942619738164,ICICIBANK.NS
2025-09-24,1382.699951171875,1390.9000244140625,1376.5,1386.4000244140625,9735678,1408.1899780273438,1426.8858032226562,-0.00831965663775136,0.006715717340505262,ICICIBANK.NS
2025-09-25,1375.800048828125,1391.5,1371.800048828125,1377.0,21613389,1405.6099853515625,1426.0049145507812,-0.004990166042822319,0.006806415000115948,ICICIBANK.NS
2025-09-26,1359.5999755859375,1372.699951171875,1357.0,1368.0,18342280,1399.7999877929688,1424.8873510742187,-0.011775020109925372,0.0056189370956866245,ICICIBANK.NS
2025-09-29,1348.0999755859375,1366.5,1346.199951171875,1359.5999755859375,20563163,1392.6699829101562,1423.6926098632812,-0.00845837026074081,0.005421681270567816,ICICIBANK.NS
2025-09-30,1348.0,1356.5999755859375,1342.5999755859375,1353.699951171875,20166871,1385.3099853515625,1422.3549560546876,-7.416036477114751e-05,0.005220015572390454,ICICIBANK.NS
2025-10-01,1372.0,1379.4000244140625,1347.0999755859375,1348.0,20952632,1380.589990234375,1420.703427734375,0.017804154302670572,0.0089913266590637,ICICIBANK.NS
2025-10-03,1365.199951171875,1371.9000244140625,1361.300048828125,1371.9000244140625,12163695,1374.939990234375,1418.76109375,-0.00495630381058676,0.008817051915513335,ICICIBANK.NS
2025-10-06,1363.4000244140625,1372.5999755859375,1359.0999755859375,1371.0,14314283,1371.0599975585938,1416.48505859375,-0.001318434531342838,0.008147166294329294,ICICIBANK.NS
2025-10-07,1375.9000244140625,1383.0999755859375,1363.5999755859375,1363.5999755859375,16126464,1368.5,1414.5622265625,0.0091682556668371,0.00897808163652206,ICICIBANK.NS
2025-10-08,1370.300048828125,1381.5999755859375,1364.300048828125,1372.300048828125,8100832,1366.1,1412.652431640625,-0.0040700454150528476,0.00894034070740581,ICICIBANK.NS
2025-10-09,1376.199951171875,1378.699951171875,1365.0999755859375,1369.800048828125,7909575,1365.45,1410.6363623046875,0.0043055550853958735,0.008791716933263546,ICICIBANK.NS
2025-10-10,1380.300048828125,1385.0,1370.300048828125,1370.300048828125,7673816,1365.9,1408.7459594726563,0.002979289203402846,0.008693729279571684,ICICIBANK.NS
2025-10-13,1379.4000244140625,1386.4000244140625,1373.0999755859375,1373.0999755859375,8923018,1367.8800048828125,1406.9129736328125,-0.0006520498313584699,0.007612934166472963,ICICIBANK.NS
2025-10-14,1384.0999755859375,1389.0,1375.0999755859375,1389.0,10610855,1371.4800048828124,1405.1938330078126,0.0034072430685010424,0.006771228427980348,ICICIBANK.NS
2025-10-15,1398.4000244140625,1400.4000244140625,1385.5,1386.5,8988550,1376.5200073242188,1403.9551953125,0.010331658897740681,0.007096242669731194,ICICIBANK.NS
2025-10-16,1417.300048828125,1418.9000244140625,1399.4000244140625,1401.0,12185032,1381.0500122070312,1403.2612719726562,0.013515463446864384,0.006225273098928316,ICICIBANK.NS
2025-10-17,1436.5999755859375,1439.5999755859375,1410.9000244140625,1412.0,17037215,1388.1900146484375,1403.3264672851562,0.013617389467932561,0.006268483055351735,ICICIBANK.NS
2025-10-20,1390.300048828125,1445.0,1389.199951171875,1442.0,23330227,1390.8800170898437,1402.4815405273437,-0.03222882329434007,0.013383664052855687,ICICIBANK.NS
2025-10-21,1382.0,1387.5999755859375,1375.9000244140625,1384.5,3415560,1391.4900146484374,1401.5361059570312,-0.005969969457399582,0.013343555479618066,ICICIBANK.NS
2025-10-23,1363.699951171875,1389.800048828125,1360.0999755859375,1385.0,21124942,1390.8300048828125,1400.3119970703126,-0.013241714057977583,0.013993744904528867,ICICIBANK.NS
2025-10-24,1377.699951171875,1381.5999755859375,1368.0999755859375,1368.0999755859375,10570263,1390.9800048828124,1399.3539965820312,0.01026618794550016,0.01433883663146551,ICICIBANK.NS
2025-10-27,1377.5999755859375,1386.800048828125,1374.0,1382.0999755859375,11499836,1390.7099975585938,1398.46599609375,-7.256702437452578e-05,0.014305607472074539,ICICIBANK.NS
2025-10-28,1363.0999755859375,1375.800048828125,1356.199951171875,1373.0,26477914,1389.0799926757813,1397.3119946289062,-0.010525551870623873,0.014683470452749158,ICICIBANK.NS
2025-10-29,1370.4000244140625,1371.699951171875,1358.4000244140625,1364.5999755859375,16129382,1387.7099975585938,1396.173994140625,0.005355475723625602,0.01476248401241301,ICICIBANK.NS
2025-10-30,1362.4000244140625,1370.199951171875,1361.300048828125,1362.4000244140625,9324401,1384.1099975585937,1394.7299951171874,-0.005837711513045685,0.014273589276020616,ICICIBANK.NS
2025-10-31,1345.300048828125,1362.0,1343.300048828125,1357.0,15926798,1376.9099975585937,1392.9099951171875,-0.012551361772979885,0.013373148587623757,ICICIBANK.NS
2025-11-03,1346.4000244140625,1351.5999755859375,1337.9000244140625,1340.5,11071450,1367.8900024414063,1391.22599609375,0.0008176433107958125,0.011913491363448424,ICICIBANK.NS
2025-11-04,1336.9000244140625,1349.800048828125,1333.199951171875,1342.5999755859375,15211183,1362.55,1389.0439965820312,-0.007055852516145267,0.007797843225040999,ICICIBANK.NS
2025-11-06,1320.4000244140625,1342.199951171875,1317.4000244140625,1330.0,24221853,1356.3900024414063,1386.7239965820313,-0.012341984964232222,0.008235522899368955,ICICIBANK.NS
2025-11-07,1343.0,1344.300048828125,1318.5999755859375,1320.4000244140625,7719245,1354.3200073242188,1384.9199975585936,0.01711600664046209,0.010056659623684973,ICICIBANK.NS
2025-11-10,1348.0,1349.5999755859375,1341.0,1342.9000244140625,8542340,1351.3500122070313,1383.547998046875,0.0037230081906181045,0.009398615621760824,ICICIBANK.NS
2025-11-11,1358.300048828125,1360.4000244140625,1346.199951171875,1349.0,8305184,1349.42001953125,1382.7319995117186,0.0076409857775407986,0.009890553745297253,ICICIBANK.NS
2025-11-12,1358.9000244140625,1370.0,1355.4000244140625,1370.0,9736761,1349.0000244140624,1381.9539990234375,0.0004417106415148808,0.009355618525652637,ICICIBANK.NS
2025-11-13,1385.9000244140625,1390.4000244140625,1358.5,1358.9000244140625,18296626,1350.5500244140626,1381.4519995117187,0.019869011343672582,0.01125756497797559,ICICIBANK.NS
2025-11-14,1373.0,1381.199951171875,1363.199951171875,1374.0,9694498,1351.6100219726563,1381.0280004882814,-0.009308048334522812,0.011547757712275708,ICICIBANK.NS
2025-11-17,1379.0,1382.5,1373.5999755859375,1375.0999755859375,7660717,1354.9800170898438,1380.6680004882812,0.004369992716678706,0.010566303133386232,ICICIBANK.NS
2025-11-18,1373.4000244140625,1382.800048828125,1369.0999755859375,1380.199951171875,9529560,1357.6800170898437,1380.0260009765625,-0.004060896001405023,0.010764766234487353,ICICIBANK.NS
2025-11-19,1383.0999755859375,1384.0,1371.5999755859375,1373.5,10393918,1362.3000122070312,1379.6319995117187,0.0070627282652142576,0.01035749161365102,ICICIBANK.NS
2025-11-20,1383.0,1388.300048828125,1375.4000244140625,1380.0999755859375,10131863,1368.560009765625,1379.2380004882812,-7.228370161393993e-05,0.00890338961615748,ICICIBANK.NS
2025-11-21,1369.5,1376.0,1364.5999755859375,1373.0,11483595,1371.210009765625,1378.5540014648439,-0.009761388286334105,0.00878760186337656,ICICIBANK.NS
2025-11-24,1368.4000244140625,1377.0,1361.5,1373.300048828125,15896003,1373.2500122070312,1377.8440014648438,-0.000803195024415837,0.00880499764589278,ICICIBANK.NS
2025-11-25,1357.800048828125,1376.9000244140625,1354.300048828125,1365.0,12235000,1373.2000122070312,1376.9680029296876,-0.007746255040061323,0.00896302178246588,ICICIBANK.NS
2025-11-26,1375.0,1377.0,1359.9000244140625,1360.0,9659004,1374.810009765625,1376.11400390625,0.012667514032511429,0.00982268744355945,ICICIBANK.NS
2025-11-27,1392.199951171875,1394.0,1375.699951171875,1379.0,15158741,1375.4400024414062,1375.5700024414064,0.012509055397727176,0.008450064028769296,ICICIBANK.NS
2025-11-28,1388.800048828125,1398.5,1385.5999755859375,1392.0,7683986,1377.0200073242188,1374.91400390625,-0.002442107788387826,0.007821426193003338,ICICIBANK.NS
2025-12-01,1390.0999755859375,1400.0,1385.4000244140625,1394.0,8867593,1378.1300048828125,1374.3320043945312,0.0009360071371753431,0.007740398009937706,ICICIBANK.NS
2025-12-02,1373.0,1381.800048828125,1370.5999755859375,1381.800048828125,12126396,1378.0900024414063,1373.3580053710937,-0.012301255942925748,0.008698177868655527,ICICIBANK.NS
2025-12-03,1391.5,1394.199951171875,1367.0,1367.0,7955933,1378.9300048828125,1373.1440063476562,0.013474144209759675,0.00947758695533237,ICICIBANK.NS
2025-12-04,1386.699951171875,1391.5999755859375,1379.9000244140625,1387.0,7373909,1379.3,1372.8480053710937,-0.0034495500022457826,0.009565790057214947,ICICIBANK.NS
2025-12-05,1392.5,1395.300048828125,1381.0,1381.0,4942638,1381.6,1372.8120043945312,0.004182627123642257,0.008930020368147162,ICICIBANK.NS
2025-12-08,1389.5999755859375,1394.9000244140625,1383.300048828125,1387.0,7826227,1383.7199951171874,1372.9500048828124,-0.002082602810816847,0.008978942581765025,ICICIBANK.NS
2025-12-09,1375.199951171875,1384.300048828125,1373.4000244140625,1379.9000244140625,10492030,1385.4599853515624,1372.9380029296874,-0.010362712051711576,0.00931265572257707,ICICIBANK.NS
2025-12-10,1363.5999755859375,1379.4000244140625,1357.9000244140625,1377.9000244140625,8725381,1384.3199829101563,1373.0180029296876,-0.008435119253787482,0.008832411652736955,ICICIBANK.NS
2025-12-11,1360.0,1366.5999755859375,1352.800048828125,1363.699951171875,6734750,1381.0999877929687,1373.2560034179687,-0.002640052545021976,0.007494405755308458,ICICIBANK.NS
2025-12-12,1366.0,1370.699951171875,1363.300048828125,1368.0,3890885,1378.8199829101563,1373.6160034179688,0.004411764705882337,0.007788812761558162,ICICIBANK.NS
2025-12-15,1365.199951171875,1370.0,1356.0999755859375,1356.0999755859375,5342530,1376.32998046875,1373.4800024414062,-0.0005856872826683901,0.007747940217930747,ICICIBANK.NS
2025-12-16,1366.0,1368.699951171875,1355.5,1364.0,12359741,1375.62998046875,1373.4960034179687,0.0005860305132872057,0.006819404272247401,ICICIBANK.NS
2025-12-17,1352.4000244140625,1365.0,1343.0999755859375,1365.0,9440391,1371.7199829101562,1373.2760034179687,-0.009956058262033274,0.00535666298261419,ICICIBANK.NS
2025-12-18,1356.800048828125,1369.5,1345.5,1346.300048828125,7314573,1368.7299926757812,1372.89400390625,0.003253493296828891,0.00568055705045591,ICICIBANK.NS
2025-12-19,1354.0999755859375,1360.4000244140625,1350.800048828125,1354.0,14318512,1364.889990234375,1372.5700024414064,-0.0019900303250427465,0.0052320953822581175,ICICIBANK.NS
2025-12-22,1368.5,1371.300048828125,1354.800048828125,1358.0,9375294,1362.7799926757812,1372.4160034179688,0.010634387913515342,0.00674671221209996,ICICIBANK.NS
2025-12-23,1363.0,1365.0,1357.0,1361.0999755859375,9105467,1361.5599975585938,1372.0700024414064,-0.004018998903909443,0.006087720839283502,ICICIBANK.NS
2025-12-24,1359.800048828125,1368.199951171875,1357.5999755859375,1363.800048828125,8955140,1361.1800048828125,1371.6780029296874,-0.0023477264650586527,0.005526091086574467,ICICIBANK.NS
2025-12-26,1350.4000244140625,1362.0,1348.5,1356.5,2812144,1360.2200073242188,1371.00400390625,-0.006912798997296243,0.005883719591903555,ICICIBANK.NS
2025-12-29,1343.300048828125,1355.699951171875,1341.5,1352.0999755859375,6057201,1357.9500122070312,1369.9020043945313,-0.005257683247612666,0.005744560299163149,ICICIBANK.NS
2025-12-30,1342.5,1347.0999755859375,1338.0999755859375,1343.300048828125,18621277,1355.6800170898437,1368.4060034179688,-0.0005955846043651514,0.005744355582810684,ICICIBANK.NS
2025-12-31,1342.9000244140625,1350.0,1339.5,1342.800048828125,6150634,1353.37001953125,1366.5320043945312,0.00029796976838913913,0.005732548375765969,ICICIBANK.NS
2026-01-01,1338.0,1348.4000244140625,1336.0,1343.9000244140625,4179311,1351.9300170898437,1365.4860034179687,-0.0036488378322879766,0.005025285276008111,ICICIBANK.NS
2026-01-02,1355.4000244140625,1356.9000244140625,1336.300048828125,1338.0,8226205,1351.7900146484376,1364.95400390625,0.013004502551616115,0.006641197548139771,ICICIBANK.NS
2026-01-05,1371.5,1375.5,1352.5999755859375,1354.199951171875,6920565,1353.5300170898438,1365.1100048828125,0.011878394050418795,0.00758044063103004,ICICIBANK.NS
2026-01-06,1411.199951171875,1413.5999755859375,1366.0,1372.0,17260416,1357.8000122070312,1365.7800048828126,0.028946373439208806,0.011356363176557928,ICICIBANK.NS
2026-01-07,1427.699951171875,1429.9000244140625,1404.199951171875,1408.0,15813795,1364.2700073242188,1366.7820043945312,0.011692177275302695,0.011343515687930674,ICICIBANK.NS
2026-01-08,1435.0,1442.199951171875,1423.300048828125,1429.0,14861699,1371.7900024414062,1368.2200048828124,0.00511315337801399,0.011070115795001398,ICICIBANK.NS
2026-01-09,1404.300048828125,1429.5,1401.5,1427.0999755859375,12555636,1377.1800048828125,1368.8980053710939,-0.02139369419642856,0.013539053894343452,ICICIBANK.NS
2026-01-12,1413.0999755859375,1424.300048828125,1391.699951171875,1399.9000244140625,10923811,1384.1599975585937,1369.9120043945313,0.006266414905529594,0.013147963624379973,ICICIBANK.NS
2026-01-13,1437.0,1441.800048828125,1411.0999755859375,1420.0,14295581,1393.6099975585937,1371.7460034179687,0.01691318719622248,0.013459042814832905,ICICIBANK.NS
2026-01-14,1418.4000244140625,1443.9000244140625,1414.9000244140625,1425.5999755859375,13832255,1401.1599975585937,1373.1860034179688,-0.012943615578244638,0.014769131658189976,ICICIBANK.NS
2026-01-15,1418.4000244140625,1418.4000244140625,1418.4000244140625,1418.4000244140625,0,1409.2,1374.8160034179687,0.0,0.014559297625679236,ICICIBANK.NS
2026-01-16,1410.800048828125,1429.0,1400.199951171875,1417.9000244140625,12530886,1414.7400024414062,1376.62400390625,-0.005358132723578435,0.014727384497342648,ICICIBANK.NS
2026-01-19,1380.5999755859375,1400.0,1360.0,1399.9000244140625,23302883,1415.65,1377.3760034179688,-0.021406345475585287,0.01643879609015714,ICICIBANK.NS
2026-01-20,1375.800048828125,1387.800048828125,1371.5,1374.699951171875,15012785,1412.110009765625,1377.9320043945313,-0.0034766962499584997,0.01313158572022335,ICICIBANK.NS
2026-01-21,1349.0,1371.5,1339.5,1367.5,21766068,1404.2400146484374,1377.7460034179687,-0.019479610319066865,0.013098778882001168,ICICIBANK.NS
2026-01-22,1345.5,1358.0,1338.0,1355.0999755859375,17179765,1395.2900146484376,1377.4780029296876,-0.0025945144551520194,0.012617819345071953,ICICIBANK.NS
2026-01-23,1343.4000244140625,1355.199951171875,1335.699951171875,1340.5,14056524,1389.2000122070312,1376.6280029296875,-0.001560739937523259,0.01149911534777202,ICICIBANK.NS
2026-01-27,1361.4000244140625,1369.0999755859375,1328.5999755859375,1340.0,25263634,1384.0300170898438,1376.3960034179688,0.013398838523805301,0.012416353570149606,ICICIBANK.NS
2026-01-28,1367.699951171875,1380.4000244140625,1362.5999755859375,1362.5999755859375,13242696,1377.1000122070313,1376.1700024414063,0.0046275353642100114,0.010635647492494118,ICICIBANK.NS
2026-01-29,1383.5999755859375,1387.699951171875,1354.4000244140625,1359.0,23118234,1373.6200073242187,1376.3740014648438,0.01162537470330327,0.011377667849675161,ICICIBANK.NS
2026-01-30,1355.0,1381.9000244140625,1353.199951171875,1368.199951171875,24013717,1367.2800048828126,1375.812001953125,-0.020670696798636312,0.01269061452719115,ICICIBANK.NS
2026-02-02,1352.800048828125,1354.4000244140625,1329.0999755859375,1329.9000244140625,12800245,1361.4800048828124,1375.2080029296876,-0.0016235802006457911,0.012717134327347333,ICICIBANK.NS
2026-02-03,1389.699951171875,1417.0,1373.4000244140625,1412.0,24896698,1362.3900024414063,1375.612001953125,0.02727668614124812,0.014549053895060697,ICICIBANK.NS
2026-02-04,1408.4000244140625,1414.0,1386.9000244140625,1387.0,11080683,1365.65,1376.412001953125,0.013456194789687181,0.014981130139783702,ICICIBANK.NS
2026-02-05,1396.5,1414.0,1393.199951171875,1414.0,8982761,1370.4,1377.1860009765626,-0.008449321363093065,0.013522521168742026,ICICIBANK.NS
2026-02-06,1406.0999755859375,1410.5,1394.699951171875,1396.699951171875,10851190,1376.4599975585938,1377.8080004882813,0.006874311196518157,0.013375285107713271,ICICIBANK.NS
2026-02-09,1396.300048828125,1414.0,1388.800048828125,1413.5,7889742,1381.75,1377.8900024414063,-0.00696958034845907,0.013751477920894534,ICICIBANK.NS
2026-02-10,1406.5,1409.5,1395.5,1401.0,16497628,1386.2599975585938,1378.2440014648437,0.007304985185981661,0.013417426271546727,ICICIBANK.NS
2026-02-11,1406.0999755859375,1413.0,1400.4000244140625,1407.4000244140625,8551341,1390.1,1378.5640014648438,-0.00028441124355671477,0.013455122246008606,ICICIBANK.NS
2026-02-12,1430.0,1433.0,1405.300048828125,1406.0999755859375,19646265,1394.7400024414062,1379.7040014648437,0.016997386266295322,0.01394264195721653,ICICIBANK.NS
2026-02-13,1414.5999755859375,1434.4000244140625,1410.699951171875,1425.300048828125,12228083,1400.7,1380.1660009765626,-0.010769247842001728,0.012298667368402278,ICICIBANK.NS
2026-02-16,1411.5999755859375,1414.0,1400.5,1404.0,5000042,1406.5799926757813,1380.6640014648438,-0.002120740882069816,0.012326611888734153,ICICIBANK.NS
2026-02-17,1407.5,1413.5999755859375,1393.5999755859375,1406.199951171875,11756187,1408.3599975585937,1380.9640014648437,-0.002904488280566664,0.009441654124260178,ICICIBANK.NS
2026-02-18,1408.199951171875,1412.300048828125,1398.9000244140625,1410.0999755859375,4758071,1408.339990234375,1381.3360009765624,0.0004973010102131692,0.008424379775268815,ICICIBANK.NS
2026-02-19,1388.800048828125,1412.300048828125,1384.800048828125,1408.5,14323091,1407.5699951171875,1381.6080029296875,-0.013776383337895881,0.009155928484868434,ICICIBANK.NS
2026-02-20,1394.5,1403.699951171875,1384.0,1388.5,10337877,1406.4099975585937,1382.2260034179687,0.004104227370012481,0.008947046451435597,ICICIBANK.NS
2026-02-23,1399.4000244140625,1408.300048828125,1395.300048828125,1400.0,10728445,1406.7199951171874,1383.01400390625,0.0035138217383021697,0.008754910926890826,ICICIBANK.NS
2026-02-24,1384.800048828125,1400.9000244140625,1382.300048828125,1400.9000244140625,18274784,1404.55,1383.3900048828125,-0.010433025104491178,0.008962565631166526,ICICIBANK.NS
2026-02-25,1400.5,1407.4000244140625,1388.199951171875,1391.800048828125,16297015,1403.9900024414062,1384.096005859375,0.011337341578779414,0.00984981374246694,ICICIBANK.NS
2026-02-26,1404.9000244140625,1410.0,1392.0999755859375,1405.0999755859375,27288792,1401.4800048828124,1384.8740063476562,0.0031417525269992197,0.007923825088519567,ICICIBANK.NS
2026-02-27,1378.9000244140625,1402.199951171875,1376.699951171875,1400.0,15096898,1397.910009765625,1385.4040063476561,-0.018506654956350843,0.009181352364270238,ICICIBANK.NS
2026-03-02,1374.0,1379.199951171875,1355.0,1355.0,16928683,1394.1500122070313,1385.7480053710938,-0.003553574825806982,0.009185700725703076,ICICIBANK.NS
2026-03-04,1365.4000244140625,1376.0,1326.0,1326.0,20009132,1389.9400146484375,1385.9740063476563,-0.00625907975686868,0.009256683976150204,ICICIBANK.NS
2026-03-05,1357.5999755859375,1370.800048828125,1347.5999755859375,1368.9000244140625,17590491,1384.8800170898437,1385.756005859375,-0.005712647347777988,0.0092046389924993,ICICIBANK.NS
2026-03-06,1313.4000244140625,1357.5999755859375,1310.4000244140625,1339.0,22778852,1377.3400146484375,1384.7640063476563,-0.03255741895015751,0.012744006378827796,ICICIBANK.NS
2026-03-09,1278.4000244140625,1282.699951171875,1251.0999755859375,1272.699951171875,16116652,1365.7300170898438,1383.136005859375,-0.02664839298721222,0.013834690568288312,ICICIBANK.NS
2026-03-10,1311.9000244140625,1315.0,1285.5999755859375,1287.5999755859375,19136143,1356.9800170898438,1382.366005859375,0.026204630288046316,0.017430039395175123,ICICIBANK.NS
2026-03-11,1294.5999755859375,1306.5,1290.9000244140625,1300.0,13224259,1347.960009765625,1381.3920043945313,-0.013187017688982672,0.017524123850521368,ICICIBANK.NS
2026-03-12,1266.5,1280.5,1258.300048828125,1275.699951171875,19676187,1334.560009765625,1379.8720043945314,-0.021705527665578206,0.016874738131348026,ICICIBANK.NS
2026-03-13,1254.800048828125,1262.300048828125,1248.699951171875,1251.9000244140625,17344394,1319.5500122070312,1378.1100048828125,-0.009238019085570426,0.016256182052532823,ICICIBANK.NS
2026-03-16,1272.9000244140625,1276.800048828125,1240.0999755859375,1255.0,22740688,1308.9500122070312,1376.8080053710937,0.014424589481679906,0.017850143875589513,ICICIBANK.NS
2026-03-17,1288.699951171875,1294.4000244140625,1273.0,1278.9000244140625,22303102,1300.4200073242187,1375.47400390625,0.012412543369292095,0.018954372433663137,ICICIBANK.NS
2026-03-18,1289.300048828125,1297.0999755859375,1270.800048828125,1286.0,12961135,1292.810009765625,1373.8300048828125,0.00046566127026248516,0.01907202039846916,ICICIBANK.NS
2026-03-19,1250.0999755859375,1285.9000244140625,1243.699951171875,1267.5999755859375,14422899,1282.060009765625,1370.6080053710937,-0.030404150901737204,0.020629556888912562,ICICIBANK.NS
2026-03-20,1245.4000244140625,1274.0,1241.699951171875,1258.4000244140625,16421006,1275.260009765625,1366.9620068359375,-0.003759660238111806,0.018748430127037648,ICICIBANK.NS
2026-03-23,1222.699951171875,1234.9000244140625,1218.0999755859375,1226.5999755859375,17049534,1269.6900024414062,1362.716005859375,-0.01822713409120691,0.01784240444747686,ICICIBANK.NS
2026-03-24,1251.199951171875,1253.9000244140625,1223.699951171875,1237.0999755859375,20617782,1263.6199951171875,1359.65400390625,0.02330907102162283,0.01730781557108437,ICICIBANK.NS
2026-03-25,1259.699951171875,1272.9000244140625,1254.4000244140625,1258.9000244140625,17289356,1260.1299926757813,1356.5860034179686,0.00679347852598533,0.017358429608898145,ICICIBANK.NS
